episode,step,position.0,position.1,position.2,engagement,action.0,action.1,action.2,action.3,success,stage.approach,stage.engage,stage.release,stage.transport
ep_0000,0,0.123496205,-0.197556868,0.323556811,0,0,0,0,0,1,0,0,0,0
ep_0000,1,0.104307532,-0.193971083,0.314430892,0,-0.0191886723,0.00358578563,-0.00912591815,0,1,0,0,0,0
ep_0000,2,0.0904737934,-0.19404617,0.306993425,0,-0.0138337389,-7.50869513e-05,-0.00743746758,0,1,0,0,0,0
ep_0000,3,0.0699335709,-0.188377738,0.290815145,0,-0.0205402225,0.00566843152,-0.0161782801,0,1,0,0,0,0
ep_0000,4,0.0579323471,-0.189499289,0.29085049,0,-0.0120012239,-0.0011215508,3.53455544e-05,0,1,0,0,0,0
ep_0000,5,0.0351052843,-0.178292483,0.270386904,0,-0.0228270628,0.0112068057,-0.0204635859,0,1,0,0,0,0
ep_0000,6,0.0251849033,-0.181154937,0.260878921,0,-0.00992038101,-0.00286245346,-0.00950798392,0,1,0,0,0,0
ep_0000,7,0.0116737271,-0.179798529,0.252150565,0,-0.0135111762,0.001356408,-0.00872835517,0,1,0,0,0,0
ep_0000,8,-0.00817912817,-0.170198813,0.235221133,0,-0.0198528543,0.00959971547,-0.0169294327,0,1,0,0,0,0
ep_0000,9,-0.0274952278,-0.176817298,0.214822084,0,-0.0193160996,-0.00661848485,-0.0203990489,0,1,0,0,0,0
ep_0000,10,-0.035820093,-0.170099646,0.217602298,0,-0.00832486525,0.00671765208,0.00278021395,0,1,0,0,0,0
ep_0000,11,-0.0546485335,-0.166899756,0.198160022,0,-0.0188284405,0.00319989026,-0.0194422752,0,1,1,0,0,0
ep_0000,12,-0.0705845803,-0.163265958,0.188836202,0,-0.0159360468,0.00363379717,-0.00932382047,0,1,1,0,0,0
ep_0000,13,-0.0725092664,-0.15823938,0.167549312,0,-0.00192468613,0.0050265789,-0.0212868899,0,1,1,0,0,0
ep_0000,14,-0.079176262,-0.157133043,0.153534591,0,-0.00666699558,0.00110633671,-0.0140147209,0,1,1,0,0,0
ep_0000,15,-0.0735817924,-0.160369709,0.133794367,0,0.00559446961,-0.00323666632,-0.0197402239,0,1,1,0,0,0
ep_0000,16,-0.0691375285,-0.161830753,0.117359877,0,0.00444426388,-0.00146104395,-0.0164344907,0,1,1,0,0,0
ep_0000,17,-0.0738785416,-0.155918777,0.0895564482,0,-0.00474101305,0.0059119761,-0.0278034285,0,1,1,0,0,0
ep_0000,18,-0.0744069219,-0.167402014,0.0805935115,0,-0.000528380275,-0.0114832371,-0.0089629367,0,1,1,0,0,0
ep_0000,19,-0.0676275343,-0.165634781,0.0598013625,1,0.00677938759,0.00176723301,-0.020792149,1,1,1,1,0,0
ep_0000,20,-0.0725172907,-0.158806354,0.0409524255,1,-0.00488975644,0.00682842731,-0.018848937,1,1,1,1,0,0
ep_0000,21,-0.0697493404,-0.139947087,0.0553714111,1,0.0027679503,0.0188592672,0.0144189857,1,1,1,1,0,0
ep_0000,22,-0.0818713456,-0.123739749,0.0589013547,1,-0.0121220052,0.0162073374,0.00352994353,1,1,1,1,0,0
ep_0000,23,-0.0871559978,-0.101659477,0.0730891377,1,-0.00528465211,0.0220802724,0.014187783,1,1,1,1,0,0
ep_0000,24,-0.0824001208,-0.0765374601,0.0758363307,1,0.00475587696,0.0251220167,0.00274719298,1,1,1,1,0,0
ep_0000,25,-0.0999548212,-0.0549491867,0.0875665247,1,-0.0175547004,0.0215882733,0.0117301941,1,1,1,1,0,0
ep_0000,26,-0.0952097252,-0.0287699439,0.0921220034,1,0.00474509597,0.0261792429,0.00455547869,1,1,1,1,0,0
ep_0000,27,-0.109850004,-0.0088429898,0.105396003,1,-0.0146402791,0.0199269541,0.0132739991,1,1,1,1,0,0
ep_0000,28,-0.107192472,0.00690534897,0.117738664,1,0.00265753269,0.0157483388,0.0123426616,1,1,1,1,0,0
ep_0000,29,-0.116201736,0.0316988714,0.123185419,1,-0.00900926441,0.0247935224,0.0054467544,1,1,1,1,0,0
ep_0000,30,-0.120045312,0.0521309488,0.135704309,1,-0.00384357572,0.0204320773,0.0125188902,1,1,1,1,0,0
ep_0000,31,-0.130423427,0.0730087906,0.145084381,1,-0.0103781149,0.0208778419,0.00938007236,1,1,1,1,0,0
ep_0000,32,-0.135054976,0.101261064,0.157255962,1,-0.00463154912,0.0282522738,0.0121715814,1,1,1,1,0,0
ep_0000,33,-0.12964344,0.114645727,0.159647644,1,0.0054115355,0.0133846626,0.00239168108,1,1,1,1,0,1
ep_0000,34,-0.140732422,0.138018563,0.177520394,1,-0.0110889822,0.0233728364,0.0178727508,1,1,1,1,0,1
ep_0000,35,-0.138269633,0.136085764,0.153145969,1,0.00246278942,-0.00193279982,-0.0243744254,1,1,1,1,0,1
ep_0000,36,-0.1390118,0.136296406,0.127818406,1,-0.000742167234,0.000210642815,-0.0253275633,1,1,1,1,0,1
ep_0000,37,-0.136427864,0.139512941,0.112681158,1,0.00258393586,0.00321653485,-0.0151372477,1,1,1,1,0,1
ep_0000,38,-0.14261654,0.144381374,0.0821853131,1,-0.00618867576,0.00486843288,-0.0304958448,1,1,1,1,0,1
ep_0000,39,-0.139177591,0.141888678,0.0705189779,1,0.00343894958,-0.00249269605,-0.0116663352,1,1,1,1,0,1
ep_0000,40,-0.141699463,0.142570987,0.0455967151,1,-0.00252187252,0.00068230927,-0.0249222629,1,1,1,1,0,1
ep_0000,41,-0.14554511,0.139412642,0.019587405,0,-0.00384564698,-0.00315834582,-0.02600931,0,1,1,1,1,1
ep_0001,0,-0.0119715603,0.0595422313,0.244637057,0,0,0,0,0,1,0,0,0,0
ep_0001,1,-0.0249266624,0.0501829907,0.234825745,0,-0.0129551021,-0.00935924053,-0.00981131196,0,1,0,0,0,0
ep_0001,2,-0.031517826,0.0556441098,0.237567872,0,-0.00659116358,0.00546111912,0.00274212658,0,1,0,0,0,0
ep_0001,3,-0.0375921763,0.0561913066,0.229943797,0,-0.00607435033,0.000547196716,-0.00762407482,0,1,0,0,0,0
ep_0001,4,-0.0437576771,0.0581698269,0.219992384,0,-0.00616550073,0.0019785203,-0.00995141268,0,1,0,0,0,0
ep_0001,5,-0.0585572124,0.0526780933,0.215781704,0,-0.0147995353,-0.00549173355,-0.00421068072,0,1,0,0,0,0
ep_0001,6,-0.0558553599,0.0532554649,0.20720239,0,0.00270185247,0.000577371567,-0.00857931376,0,1,0,0,0,0
ep_0001,7,-0.0734230429,0.047993429,0.192187339,0,-0.017567683,-0.00526203588,-0.0150150508,0,1,0,0,0,0
ep_0001,8,-0.0802403316,0.0449466668,0.187217265,0,-0.0068172887,-0.0030467622,-0.0049700737,0,1,0,0,0,0
ep_0001,9,-0.0851440877,0.0512946956,0.174313769,0,-0.00490375608,0.00634802878,-0.0129034966,0,1,0,0,0,0
ep_0001,10,-0.0905770957,0.0492516495,0.175221026,0,-0.00543300807,-0.00204304606,0.000907257199,0,1,0,0,0,0
ep_0001,11,-0.0995060652,0.0413872525,0.169771746,0,-0.0089289695,-0.00786439702,-0.00544928014,0,1,1,0,0,0
ep_0001,12,-0.109638833,0.0476862341,0.159221768,0,-0.0101327673,0.00629898161,-0.0105499774,0,1,1,0,0,0
ep_0001,13,-0.110430501,0.047130242,0.140466481,0,-0.000791668892,-0.000555992126,-0.0187552869,0,1,1,0,0,0
ep_0001,14,-0.103082053,0.0410748981,0.122068621,0,0.00734844804,-0.0060553439,-0.0183978602,0,1,1,0,0,0
ep_0001,15,-0.105184622,0.0442094095,0.101342529,0,-0.00210256875,0.00313451141,-0.0207260922,0,1,1,0,0,0
ep_0001,16,-0.108998403,0.0419338755,0.0826902613,0,-0.00381378084,-0.00227553397,-0.0186522678,0,1,1,0,0,0
ep_0001,17,-0.106333055,0.0460979193,0.0705660805,0,0.00266534835,0.00416404381,-0.0121241808,0,1,1,0,0,0
ep_0001,18,-0.112771153,0.0471278355,0.0471029878,0,-0.00643809885,0.00102991611,-0.0234630927,0,1,1,0,0,0
ep_0001,19,-0.108803704,0.0470857099,0.0299641099,1,0.00396744907,-4.21255827e-05,-0.0171388779,1,1,1,1,0,0
ep_0001,20,-0.110423476,0.0412015282,0.00596114434,1,-0.00161977112,-0.00588418171,-0.0240029655,1,1,1,1,0,0
ep_0001,21,-0.0914273188,0.038679339,0.0205299072,1,0.0189961568,-0.00252218917,0.0145687629,1,1,1,1,0,0
ep_0001,22,-0.0693204626,0.0337374173,0.0326247476,1,0.0221068561,-0.00494192168,0.0120948404,1,1,1,1,0,0
ep_0001,23,-0.0459336005,0.0301109664,0.0537809767,1,0.0233868621,-0.0036264509,0.0211562291,1,1,1,1,0,0
ep_0001,24,-0.0234010424,0.0203225911,0.0566652976,1,0.0225325581,-0.00978837535,0.00288432091,1,1,1,1,0,0
ep_0001,25,-0.00628966605,0.00885758642,0.0610134639,1,0.0171113759,-0.0114650046,0.00434816629,1,1,1,1,0,0
ep_0001,26,0.0208528452,-0.00299524772,0.0800946653,1,0.0271425117,-0.0118528344,0.0190812014,1,1,1,1,0,0
ep_0001,27,0.039676372,-0.00364634208,0.0915384889,1,0.0188235268,-0.000651094364,0.0114438236,1,1,1,1,0,0
ep_0001,28,0.0673317462,-0.0143375993,0.108467758,1,0.0276553743,-0.0106912572,0.0169292688,1,1,1,1,0,0
ep_0001,29,0.0813697428,-0.0198051296,0.109447941,1,0.0140379965,-0.00546753034,0.000980183482,1,1,1,1,0,0
ep_0001,30,0.102261648,-0.0282895565,0.124995112,1,0.0208919048,-0.00848442689,0.0155471712,1,1,1,1,0,0
ep_0001,31,0.132940143,-0.0335871056,0.139602408,1,0.0306784958,-0.00529754907,0.0146072954,1,1,1,1,0,0
ep_0001,32,0.145238057,-0.0385492258,0.141562805,1,0.0122979134,-0.00496212021,0.00196039677,1,1,1,1,0,0
ep_0001,33,0.169186354,-0.0466224886,0.148901343,1,0.0239482969,-0.00807326287,0.00733853877,1,1,1,1,0,1
ep_0001,34,0.191776022,-0.0577247813,0.16531752,1,0.0225896686,-0.0111022927,0.0164161772,1,1,1,1,0,1
ep_0001,35,0.19580093,-0.05369699,0.140696153,1,0.00402490795,0.00402779132,-0.0246213675,1,1,1,1,0,1
ep_0001,36,0.197068438,-0.0554909408,0.124874048,1,0.00126750767,-0.0017939508,-0.0158221051,1,1,1,1,0,1
ep_0001,37,0.190254018,-0.0516548976,0.0998985544,1,-0.00681442022,0.00383604318,-0.0249754936,1,1,1,1,0,1
ep_0001,38,0.189076528,-0.0529932491,0.0837520212,1,-0.00117748976,-0.00133835152,-0.0161465332,1,1,1,1,0,1
ep_0001,39,0.191661626,-0.0514341928,0.0631937757,1,0.00258509815,0.00155905634,-0.0205582455,1,1,1,1,0,1
ep_0001,40,0.194689855,-0.0563423149,0.0400742702,1,0.00302822888,-0.00490812212,-0.0231195055,1,1,1,1,0,1
ep_0001,41,0.189224839,-0.0560603589,0.01557058,0,-0.00546501577,0.000281956047,-0.0245036893,0,1,1,1,1,1
ep_0002,0,-0.160535887,-0.279930621,0.290190339,0,0,0,0,0,1,0,0,0,0
ep_0002,1,-0.142118126,-0.238865718,0.274946839,0,0.0184177607,0.0410649031,-0.0152435005,0,1,0,0,0,0
ep_0002,2,-0.119915321,-0.215848044,0.262603849,0,0.0222028047,0.0230176747,-0.0123429894,0,1,0,0,0,0
ep_0002,3,-0.0988076776,-0.178987041,0.256882727,0,0.0211076438,0.0368610024,-0.00572112203,0,1,0,0,0,0
ep_0002,4,-0.0783430263,-0.152049348,0.246469378,0,0.0204646513,0.0269376934,-0.0104133487,0,1,0,0,0,0
ep_0002,5,-0.0637582839,-0.119460918,0.234643012,0,0.0145847425,0.0325884297,-0.0118263662,0,1,0,0,0,0
ep_0002,6,-0.0358859152,-0.0938696414,0.237386689,0,0.0278723687,0.0255912766,0.0027436763,0,1,0,0,0,0
ep_0002,7,-0.0162262209,-0.0651007891,0.218359336,0,0.0196596943,0.0287688524,-0.0190273523,0,1,0,0,0,0
ep_0002,8,-0.00212658569,-0.0280580018,0.203628033,0,0.0140996352,0.0370427892,-0.0147313029,0,1,0,0,0,0
ep_0002,9,0.0183577668,-0.00247285515,0.206287786,0,0.0204843525,0.0255851466,0.00265975296,0,1,0,0,0,0
ep_0002,10,0.0511152633,0.0327334516,0.191479474,0,0.0327574983,0.0352063067,-0.0148083121,0,1,0,0,0,0
ep_0002,11,0.0631941929,0.0555496812,0.187094674,0,0.0120789297,0.0228162296,-0.00438480079,0,1,1,0,0,0
ep_0002,12,0.0874492526,0.0932954624,0.16156365,0,0.0242550597,0.0377457812,-0.0255310237,0,1,1,0,0,0
ep_0002,13,0.0889912546,0.0799481124,0.155886829,0,0.00154200196,-0.0133473501,-0.00567682087,0,1,1,0,0,0
ep_0002,14,0.0881084949,0.088038303,0.130466133,0,-0.00088275969,0.00809019059,-0.0254206955,0,1,1,0,0,0
ep_0002,15,0.0796065256,0.0788595378,0.115785457,0,-0.00850196928,-0.00917876512,-0.0146806762,0,1,1,0,0,0
ep_0002,16,0.0797131881,0.0899644643,0.104934089,0,0.000106662512,0.0111049265,-0.0108513683,0,1,1,0,0,0
ep_0002,17,0.0813111514,0.0930482,0.0806652308,0,0.00159796327,0.0030837357,-0.0242688581,0,1,1,0,0,0
ep_0002,18,0.0885553136,0.0875463933,0.065926224,0,0.00724416226,-0.00550180674,-0.0147390068,0,1,1,0,0,0
ep_0002,19,0.0795517638,0.0879292265,0.0455949232,1,-0.00900354981,0.000382833183,-0.0203313008,1,1,1,1,0,0
ep_0002,20,0.0895543993,0.091200538,0.0211740322,1,0.0100026354,0.00327131152,-0.024420891,1,1,1,1,0,0
ep_0002,21,0.0730197132,0.0848848745,0.0336500928,1,-0.0165346861,-0.00631566346,0.0124760605,1,1,1,1,0,0
ep_0002,22,0.0547307655,0.0900332406,0.0448486097,1,-0.0182889476,0.00514836609,0.0111985169,1,1,1,1,0,0
ep_0002,23,0.0472570397,0.0802187994,0.0583262146,1,-0.00747372583,-0.0098144412,0.0134776048,1,1,1,1,0,0
ep_0002,24,0.026914686,0.0684413612,0.0608475246,1,-0.0203423537,-0.0117774382,0.00252131,1,1,1,1,0,0
ep_0002,25,0.0135766976,0.0698399544,0.0830175206,1,-0.0133379884,0.00139859319,0.0221699961,1,1,1,1,0,0
ep_0002,26,0.00795250479,0.0646834821,0.0862079933,1,-0.00562419277,-0.00515647233,0.00319047272,1,1,1,1,0,0
ep_0002,27,-0.0166136641,0.0616369918,0.101207413,1,-0.0245661698,-0.00304649025,0.0149994195,1,1,1,1,0,0
ep_0002,28,-0.0300582051,0.0577084571,0.108252287,1,-0.013444541,-0.00392853469,0.00704487413,1,1,1,1,0,0
ep_0002,29,-0.0440840125,0.0573197976,0.120932497,1,-0.0140258074,-0.000388659537,0.0126802102,1,1,1,1,0,0
ep_0002,30,-0.0597662292,0.0496170558,0.127984524,1,-0.0156822167,-0.00770274177,0.00705202669,1,1,1,1,0,0
ep_0002,31,-0.073833175,0.0419796333,0.150552601,1,-0.0140669458,-0.00763742253,0.0225680768,1,1,1,1,0,0
ep_0002,32,-0.0901722386,0.0462220833,0.154229358,1,-0.0163390636,0.00424245,0.00367675722,1,1,1,1,0,0
ep_0002,33,-0.0999664217,0.0409611799,0.165324062,1,-0.00979418308,-0.00526090339,0.0110947043,1,1,1,1,0,1
ep_0002,34,-0.113593243,0.0375472344,0.179400384,1,-0.0136268213,-0.00341394544,0.0140763223,1,1,1,1,0,1
ep_0002,35,-0.111066379,0.0339077301,0.154752553,1,0.00252686441,-0.00363950431,-0.0246478319,1,1,1,1,0,1
ep_0002,36,-0.117595188,0.0284369104,0.12712796,1,-0.00652880967,-0.00547081977,-0.0276245922,1,1,1,1,0,1
ep_0002,37,-0.108972199,0.0300518461,0.111715138,1,0.00862298906,0.0016149357,-0.0154128224,1,1,1,1,0,1
ep_0002,38,-0.116229966,0.0405112803,0.0938406363,1,-0.00725776702,0.0104594342,-0.0178745016,1,1,1,1,0,1
ep_0002,39,-0.110288315,0.0313135087,0.0734001547,1,0.00594165176,-0.00919777155,-0.0204404816,1,1,1,1,0,1
ep_0002,40,-0.107893541,0.0396054015,0.0480063595,1,0.00239477307,0.00829189271,-0.0253937952,1,1,1,1,0,1
ep_0002,41,-0.114032805,0.0306810718,0.0324723981,0,-0.00613926351,-0.00892432965,-0.0155339614,0,1,1,1,1,1
ep_0003,0,-0.231891558,0.214176044,0.308053493,0,0,0,0,0,1,0,0,0,0
ep_0003,1,-0.225879773,0.212556511,0.293818444,0,0.00601178408,-0.0016195327,-0.0142350495,0,1,0,0,0,0
ep_0003,2,-0.207867593,0.202962339,0.296902478,0,0.0180121809,-0.00959417224,0.00308403373,0,1,0,0,0,0
ep_0003,3,-0.19739534,0.198847577,0.285289228,0,0.010472253,-0.00411476195,-0.0116132498,0,1,0,0,0,0
ep_0003,4,-0.188285366,0.193859041,0.264353991,0,0.00910997391,-0.00498853624,-0.0209352374,0,1,0,0,0,0
ep_0003,5,-0.178400308,0.19002977,0.253972292,0,0.00988505781,-0.0038292706,-0.0103816986,0,1,0,0,0,0
ep_0003,6,-0.16578792,0.183003053,0.251731873,0,0.0126123875,-0.00702671707,-0.00224041939,0,1,0,0,0,0
ep_0003,7,-0.156335086,0.185933471,0.234285146,0,0.00945283473,0.00293041766,-0.0174467266,0,1,0,0,0,0
ep_0003,8,-0.141755462,0.180977598,0.230151698,0,0.0145796239,-0.00495587289,-0.004133448,0,1,0,0,0,0
ep_0003,9,-0.130850792,0.176923141,0.218701571,0,0.0109046698,-0.00405445695,-0.0114501268,0,1,0,0,0,0
ep_0003,10,-0.121477135,0.175570413,0.19871828,0,0.00937365741,-0.00135272741,-0.0199832916,0,1,0,0,0,0
ep_0003,11,-0.115180433,0.17121093,0.197443232,0,0.00629670173,-0.00435948372,-0.00127504766,0,1,1,0,0,0
ep_0003,12,-0.106960267,0.166969359,0.187523633,0,0.00822016597,-0.00424157083,-0.0099195987,0,1,1,0,0,0
ep_0003,13,-0.0996874273,0.169249371,0.172704548,0,0.00727283955,0.00228001177,-0.0148190856,0,1,1,0,0,0
ep_0003,14,-0.100728795,0.169753939,0.154374987,0,-0.00104136765,0.000504568219,-0.0183295608,0,1,1,0,0,0
ep_0003,15,-0.0997970253,0.165711984,0.122869201,0,0.000931769609,-0.00404195487,-0.0315057859,0,1,1,0,0,0
ep_0003,16,-0.103225678,0.164165646,0.106165603,0,-0.00342865288,-0.0015463382,-0.0167035982,0,1,1,0,0,0
ep_0003,17,-0.0998094603,0.155501619,0.0849885866,0,0.00341621786,-0.00866402686,-0.0211770162,0,1,1,0,0,0
ep_0003,18,-0.106232189,0.170280963,0.0755559579,0,-0.0064227283,0.0147793442,-0.00943262875,0,1,1,0,0,0
ep_0003,19,-0.101402558,0.171299383,0.0605359301,1,0.00482963026,0.00101841986,-0.0150200278,1,1,1,1,0,0
ep_0003,20,-0.109917641,0.16713278,0.0349460058,1,-0.0085150823,-0.00416660309,-0.0255899243,1,1,1,1,0,0
ep_0003,21,-0.0889130458,0.143761382,0.0468436256,1,0.0210045949,-0.0233713984,0.0118976198,1,1,1,1,0,0
ep_0003,22,-0.0817276239,0.120541558,0.0592942089,1,0.00718542188,-0.0232198238,0.0124505833,1,1,1,1,0,0
ep_0003,23,-0.0640304983,0.0939917266,0.0663144067,1,0.0176971257,-0.026549831,0.00702019781,1,1,1,1,0,0
ep_0003,24,-0.0530223995,0.0807226971,0.0783634409,1,0.0110080987,-0.0132690296,0.0120490342,1,1,1,1,0,0
ep_0003,25,-0.0394720212,0.0548808239,0.0936887264,1,0.0135503784,-0.0258418731,0.0153252855,1,1,1,1,0,0
ep_0003,26,-0.033443395,0.0265999511,0.110348061,1,0.00602862611,-0.0282808729,0.0166593343,1,1,1,1,0,0
ep_0003,27,-0.0151637001,0.000828600023,0.119409293,1,0.018279694,-0.0257713515,0.00906123221,1,1,1,1,0,0
ep_0003,28,-0.00293214992,-0.0177723747,0.12844938,1,0.0122315502,-0.0186009742,0.00904008746,1,1,1,1,0,0
ep_0003,29,0.010813117,-0.0388335735,0.131801426,1,0.0137452669,-0.0210611988,0.00335204601,1,1,1,1,0,0
ep_0003,30,0.0229468103,-0.0674820691,0.149895757,1,0.0121336933,-0.0286484957,0.018094331,1,1,1,1,0,0
ep_0003,31,0.0346423686,-0.0861088857,0.163658902,1,0.0116955582,-0.0186268166,0.0137631446,1,1,1,1,0,0
ep_0003,32,0.0419170819,-0.105890878,0.176071286,1,0.00727471337,-0.0197819918,0.0124123842,1,1,1,1,0,0
ep_0003,33,0.0612482652,-0.135164186,0.188150123,1,0.0193311833,-0.0292733088,0.0120788366,1,1,1,1,0,1
ep_0003,34,0.0701102912,-0.150316671,0.200623691,1,0.00886202604,-0.0151524842,0.0124735683,1,1,1,1,0,1
ep_0003,35,0.0706764087,-0.153356209,0.171804279,1,0.000566117465,-0.00303953886,-0.028819412,1,1,1,1,0,1
ep_0003,36,0.0685845688,-0.154435813,0.160445929,1,-0.00209183991,-0.00107960403,-0.0113583505,1,1,1,1,0,1
ep_0003,37,0.0713982582,-0.157367721,0.134805098,1,0.00281368941,-0.00293190777,-0.0256408304,1,1,1,1,0,1
ep_0003,38,0.073983185,-0.157976449,0.109806687,1,0.00258492678,-0.000608727336,-0.0249984115,1,1,1,1,0,1
ep_0003,39,0.0691646934,-0.1550906,0.0860351473,1,-0.00481849164,0.00288584828,-0.0237715393,1,1,1,1,0,1
ep_0003,40,0.0740601942,-0.16041021,0.0788498223,1,0.00489550084,-0.00531961024,-0.00718532503,1,1,1,1,0,1
ep_0003,41,0.0706955642,-0.167317629,0.0464746952,0,-0.00336463004,-0.00690741837,-0.0323751271,0,1,1,1,1,1
ep_0004,0,0.0719201267,-0.0724320337,0.373064488,0,0,0,0,0,1,0,0,0,0
ep_0004,1,0.0695972219,-0.0731858164,0.352106094,0,-0.00232290477,-0.00075378269,-0.0209583938,0,1,0,0,0,0
ep_0004,2,0.0688496828,-0.0737157241,0.335194379,0,-0.000747539103,-0.000529907644,-0.0169117153,0,1,0,0,0,0
ep_0004,3,0.074640125,-0.0821258426,0.326901317,0,0.00579044223,-0.00841011852,-0.00829306245,0,1,0,0,0,0
ep_0004,4,0.0854495764,-0.0770496279,0.299788952,0,0.0108094513,0.00507621467,-0.0271123648,0,1,0,0,0,0
ep_0004,5,0.0841199085,-0.0812863111,0.279831231,0,-0.00132966787,-0.00423668325,-0.0199577212,0,1,0,0,0,0
ep_0004,6,0.0896615013,-0.0783957019,0.260255277,0,0.00554159284,0.0028906092,-0.0195759535,0,1,0,0,0,0
ep_0004,7,0.0970660672,-0.0832616091,0.243281364,0,0.00740456581,-0.00486590713,-0.0169739127,0,1,0,0,0,0
ep_0004,8,0.105469093,-0.0889552534,0.225042447,0,0.00840302557,-0.00569364429,-0.018238917,0,1,0,0,0,0
ep_0004,9,0.104724206,-0.0930621549,0.211264446,0,-0.000744886696,-0.00410690159,-0.0137780011,0,1,0,0,0,0
ep_0004,10,0.100199796,-0.0925991461,0.193784997,0,-0.00452440977,0.000463008881,-0.0174794495,0,1,0,0,0,0
ep_0004,11,0.108871207,-0.102557749,0.186165839,0,0.00867141038,-0.00995860249,-0.00761915743,0,1,1,0,0,0
ep_0004,12,0.113099776,-0.101541758,0.159201548,0,0.00422856957,0.00101599097,-0.0269642919,0,1,1,0,0,0
ep_0004,13,0.111291416,-0.101397045,0.142043382,0,-0.00180836022,0.000144712627,-0.0171581656,0,1,1,0,0,0
ep_0004,14,0.104442514,-0.105692014,0.120037444,0,-0.00684890151,-0.00429496914,-0.022005938,0,1,1,0,0,0
ep_0004,15,0.108883739,-0.102099448,0.109513812,0,0.00444122404,0.00359256566,-0.0105236322,0,1,1,0,0,0
ep_0004,16,0.116627596,-0.102084443,0.0866834968,0,0.0077438578,1.50054693e-05,-0.0228303149,0,1,1,0,0,0
ep_0004,17,0.11482396,-0.0933183581,0.069024384,0,-0.00180363655,0.00876608491,-0.0176591128,0,1,1,0,0,0
ep_0004,18,0.112774253,-0.108626448,0.0455865487,0,-0.00204970688,-0.0153080896,-0.0234378353,0,1,1,0,0,0
ep_0004,19,0.113752864,-0.0994073749,0.0291363616,1,0.00097861141,0.00921907276,-0.0164501872,1,1,1,1,0,0
ep_0004,20,0.112751566,-0.0971537232,0.0164444987,1,-0.00100129843,0.00225365162,-0.0126918629,1,1,1,1,0,0
ep_0004,21,0.0870452523,-0.0984603465,0.0262764897,1,-0.0257063136,-0.00130662322,0.00983199105,1,1,1,1,0,0
ep_0004,22,0.0776348859,-0.103672951,0.0319837444,1,-0.00941036642,-0.005212605,0.00570725463,1,1,1,1,0,0
ep_0004,23,0.0567401834,-0.104793429,0.0505934916,1,-0.0208947025,-0.00112047791,0.0186097473,1,1,1,1,0,0
ep_0004,24,0.0394873358,-0.111807466,0.0490496121,1,-0.0172528476,-0.00701403618,-0.00154387951,1,1,1,1,0,0
ep_0004,25,0.0128808208,-0.108256035,0.0646288693,1,-0.026606515,0.003551431,0.0155792572,1,1,1,1,0,0
ep_0004,26,0.00508396933,-0.110997163,0.081301406,1,-0.00779685145,-0.00274112821,0.0166725367,1,1,1,1,0,0
ep_0004,27,-0.0207255222,-0.106035337,0.0895385593,1,-0.0258094911,0.00496182591,0.00823715329,1,1,1,1,0,0
ep_0004,28,-0.0386233628,-0.11949423,0.0994963571,1,-0.0178978406,-0.0134588927,0.00995779783,1,1,1,1,0,0
ep_0004,29,-0.0582128577,-0.113709927,0.113306224,1,-0.0195894949,0.00578430295,0.0138098672,1,1,1,1,0,0
ep_0004,30,-0.0719483867,-0.110732511,0.123413727,1,-0.013735529,0.00297741592,0.0101075023,1,1,1,1,0,0
ep_0004,31,-0.0913055837,-0.120287038,0.138403922,1,-0.019357197,-0.0095545277,0.0149901956,1,1,1,1,0,0
ep_0004,32,-0.11404635,-0.116462275,0.150973275,1,-0.0227407664,0.003824763,0.012569353,1,1,1,1,0,0
ep_0004,33,-0.123293899,-0.118136249,0.155012473,1,-0.00924754888,-0.0016739741,0.00403919816,1,1,1,1,0,1
ep_0004,34,-0.143795952,-0.126371503,0.16812107,1,-0.0205020532,-0.00823525339,0.0131085962,1,1,1,1,0,1
ep_0004,35,-0.143432975,-0.121412173,0.148027271,1,0.000362977386,0.00495932996,-0.0200937986,1,1,1,1,0,1
ep_0004,36,-0.140433669,-0.129268378,0.130239055,1,0.00299930573,-0.00785620511,-0.0177882165,1,1,1,1,0,1
ep_0004,37,-0.145844653,-0.115015596,0.101939477,1,-0.00541098416,0.0142527819,-0.0282995775,1,1,1,1,0,1
ep_0004,38,-0.146428153,-0.116082951,0.081550777,1,-0.00058349967,-0.00106735528,-0.0203887001,1,1,1,1,0,1
ep_0004,39,-0.134059012,-0.117533095,0.0566535443,1,0.012369141,-0.00145014375,-0.0248972327,1,1,1,1,0,1
ep_0004,40,-0.140182555,-0.117500529,0.0500988476,1,-0.00612354279,3.25664878e-05,-0.00655469671,1,1,1,1,0,1
ep_0004,41,-0.147178426,-0.125907004,0.0170228574,0,-0.00699587166,-0.00840647519,-0.0330759883,0,1,1,1,1,1
ep_0005,0,-0.1274876,-0.134568855,0.282214314,0,0,0,0,0,1,0,0,0,0
ep_0005,1,-0.132848844,-0.117714204,0.277275681,0,-0.00536124408,0.0168546513,-0.00493863225,0,1,0,0,0,0
ep_0005,2,-0.136044204,-0.0986934677,0.260006785,0,-0.0031953603,0.0190207362,-0.0172688961,0,1,0,0,0,0
ep_0005,3,-0.13923943,-0.092569001,0.259125769,0,-0.00319522619,0.00612446666,-0.000881016254,0,1,0,0,0,0
ep_0005,4,-0.130122885,-0.082489267,0.253032893,0,0.00911654532,0.010079734,-0.0060928762,0,1,0,0,0,0
ep_0005,5,-0.130948395,-0.0682414696,0.246771514,0,-0.000825509429,0.0142477974,-0.00626137853,0,1,0,0,0,0
ep_0005,6,-0.137150511,-0.0543488339,0.236377701,0,-0.00620211661,0.0138926357,-0.0103938133,0,1,0,0,0,0
ep_0005,7,-0.141027063,-0.0457902513,0.22733441,0,-0.00387655199,0.00855858251,-0.00904329121,0,1,0,0,0,0
ep_0005,8,-0.145413026,-0.0273138415,0.217783481,0,-0.00438596308,0.0184764098,-0.00955092907,0,1,0,0,0,0
ep_0005,9,-0.151580274,-0.0181003772,0.207742512,0,-0.00616724789,0.00921346433,-0.0100409687,0,1,0,0,0,0
ep_0005,10,-0.143355399,-0.000808698824,0.195645824,0,0.00822487473,0.0172916781,-0.0120966882,0,1,0,0,0,0
ep_0005,11,-0.144277453,0.00176705606,0.20565863,0,-0.000922054052,0.00257575489,0.0100128055,0,1,1,0,0,0
ep_0005,12,-0.156177357,0.0284723826,0.182997435,0,-0.0118999034,0.0267053265,-0.0226611942,0,1,1,0,0,0
ep_0005,13,-0.153799072,0.0235474762,0.173761278,0,0.00237828493,-0.00492490642,-0.00923615694,0,1,1,0,0,0
ep_0005,14,-0.142542779,0.0193008073,0.152089283,0,0.0112562925,-0.00424666889,-0.0216719955,0,1,1,0,0,0
ep_0005,15,-0.15578492,0.0157096051,0.145075411,0,-0.0132421404,-0.0035912022,-0.00701387227,0,1,1,0,0,0
ep_0005,16,-0.151802287,0.0245922916,0.119211562,0,0.00398263335,0.0088826865,-0.0258638486,0,1,1,0,0,0
ep_0005,17,-0.151043266,0.01942355,0.09503562,0,0.000759020448,-0.00516874157,-0.0241759419,0,1,1,0,0,0
ep_0005,18,-0.157142878,0.0305633955,0.0794260874,0,-0.00609961152,0.0111398455,-0.0156095326,0,1,1,0,0,0
ep_0005,19,-0.159250185,0.018272033,0.0648722053,1,-0.00210730731,-0.0122913625,-0.0145538822,1,1,1,1,0,0
ep_0005,20,-0.14858602,0.0230115168,0.0440256894,1,0.010664165,0.00473948382,-0.0208465159,1,1,1,1,0,0
ep_0005,21,-0.134870633,0.0284062363,0.0510348752,1,0.0137153864,0.00539471954,0.00700918585,1,1,1,1,0,0
ep_0005,22,-0.116444416,0.0403710194,0.0580040216,1,0.0184262171,0.0119647831,0.00696914643,1,1,1,1,0,0
ep_0005,23,-0.100414798,0.0401964001,0.0719536245,1,0.0160296187,-0.000174619257,0.0139496028,1,1,1,1,0,0
ep_0005,24,-0.0801911876,0.0434472114,0.0723216832,1,0.0202236101,0.00325081125,0.000368058681,1,1,1,1,0,0
ep_0005,25,-0.0569079295,0.0508804284,0.0901873633,1,0.0232832581,0.00743321702,0.0178656802,1,1,1,1,0,0
ep_0005,26,-0.0430833772,0.060238231,0.101275459,1,0.0138245523,0.00935780257,0.0110880956,1,1,1,1,0,0
ep_0005,27,-0.0231859609,0.0579783544,0.114938103,1,0.0198974162,-0.00225987658,0.0136626437,1,1,1,1,0,0
ep_0005,28,-0.00698270183,0.0662261546,0.124857381,1,0.0162032582,0.00824780017,0.00991927832,1,1,1,1,0,0
ep_0005,29,0.0121350288,0.0772879273,0.131245017,1,0.0191177316,0.0110617727,0.00638763607,1,1,1,1,0,0
ep_0005,30,0.0310559906,0.0786638111,0.150798321,1,0.0189209618,0.00137588382,0.0195533037,1,1,1,1,0,0
ep_0005,31,0.0531504042,0.074342601,0.157884359,1,0.0220944136,-0.00432121009,0.00708603859,1,1,1,1,0,0
ep_0005,32,0.0705770999,0.0885069072,0.169141948,1,0.0174266957,0.0141643062,0.0112575889,1,1,1,1,0,0
ep_0005,33,0.0904218033,0.0945117846,0.177085251,1,0.0198447034,0.00600487739,0.00794330239,1,1,1,1,0,1
ep_0005,34,0.104158275,0.0964038745,0.194248319,1,0.0137364715,0.00189208984,0.0171630681,1,1,1,1,0,1
ep_0005,35,0.11169225,0.10497921,0.175898522,1,0.00753397495,0.00857533514,-0.0183497965,1,1,1,1,0,1
ep_0005,36,0.11029727,0.102867097,0.142365664,1,-0.00139497966,-0.00211211294,-0.0335328579,1,1,1,1,0,1
ep_0005,37,0.108400904,0.102584898,0.124887817,1,-0.00189636648,-0.000282198191,-0.0174778476,1,1,1,1,0,1
ep_0005,38,0.111700594,0.10458862,0.101389155,1,0.00329969078,0.00200372189,-0.0234986618,1,1,1,1,0,1
ep_0005,39,0.105077147,0.0889168382,0.0791493133,1,-0.00662344694,-0.0156717822,-0.0222398415,1,1,1,1,0,1
ep_0005,40,0.10708081,0.10029076,0.0568365082,1,0.00200366229,0.0113739222,-0.0223128051,1,1,1,1,0,1
ep_0005,41,0.109734863,0.10107895,0.0391222388,0,0.00265405327,0.000788189471,-0.0177142695,0,1,1,1,1,1
ep_0006,0,0.0451737493,-0.0196179748,0.258298755,0,0,0,0,0,1,0,0,0,0
ep_0006,1,0.0472723544,-0.0309568197,0.247919649,0,0.00209860504,-0.0113388449,-0.0103791058,0,1,0,0,0,0
ep_0006,2,0.0451782942,-0.0337361172,0.239716083,0,-0.00209406018,-0.00277929753,-0.00820356607,0,1,0,0,0,0
ep_0006,3,0.0355478451,-0.0443938002,0.227177948,0,-0.00963044912,-0.010657683,-0.0125381351,0,1,0,0,0,0
ep_0006,4,0.0401637033,-0.0478968173,0.224610373,0,0.0046158582,-0.00350301713,-0.00256757438,0,1,0,0,0,0
ep_0006,5,0.0284675211,-0.0715137124,0.218450829,0,-0.0116961822,-0.0236168951,-0.00615954399,0,1,0,0,0,0
ep_0006,6,0.032453794,-0.062834233,0.206011251,0,0.00398627296,0.00867947936,-0.0124395788,0,1,0,0,0,0
ep_0006,7,0.0283610057,-0.0742122233,0.203261912,0,-0.00409278832,-0.0113779902,-0.00274933875,0,1,0,0,0,0
ep_0006,8,0.0240766294,-0.0865726694,0.188613206,0,-0.00428437628,-0.0123604462,-0.0146487057,0,1,0,0,0,0
ep_0006,9,0.022038132,-0.0926709548,0.181780264,0,-0.00203849748,-0.00609828532,-0.00683294237,0,1,0,0,0,0
ep_0006,10,0.0204597879,-0.0982667804,0.172980174,0,-0.00157834403,-0.00559582561,-0.00880008936,0,1,0,0,0,0
ep_0006,11,0.0230433159,-0.104167119,0.162509963,0,0.00258352794,-0.00590033829,-0.0104702115,0,1,1,0,0,0
ep_0006,12,0.00868762378,-0.115589924,0.155806616,0,-0.0143556921,-0.0114228055,-0.00670334697,0,1,1,0,0,0
ep_0006,13,0.00809417758,-0.115760311,0.130225942,0,-0.000593446195,-0.000170387328,-0.0255806744,0,1,1,0,0,0
ep_0006,14,0.00519369915,-0.120529771,0.119218089,0,-0.00290047843,-0.00476945937,-0.0110078529,0,1,1,0,0,0
ep_0006,15,0.0127496347,-0.110171087,0.0960545316,0,0.00755593553,0.0103586838,-0.0231635571,0,1,1,0,0,0
ep_0006,16,0.0104797985,-0.117808081,0.0794408917,0,-0.00226983614,-0.00763699412,-0.0166136399,0,1,1,0,0,0
ep_0006,17,0.0162279494,-0.115895346,0.0616583228,0,0.00574815087,0.0019127354,-0.0177825689,0,1,1,0,0,0
ep_0006,18,0.0129124979,-0.122227117,0.0474164374,0,-0.00331545155,-0.00633177161,-0.0142418854,0,1,1,0,0,0
ep_0006,19,0.0109354015,-0.115487099,0.0270921141,1,-0.00197709631,0.00674001873,-0.0203243233,1,1,1,1,0,0
ep_0006,20,0.0164524689,-0.117022529,0.00634252792,1,0.00551706739,-0.00153543055,-0.0207495857,1,1,1,1,0,0
ep_0006,21,0.00815747119,-0.0968981758,0.0235070717,1,-0.00829499774,0.0201243535,0.0171645433,1,1,1,1,0,0
ep_0006,22,0.00737707736,-0.0844009742,0.0375268385,1,-0.000780393835,0.0124972016,0.0140197668,1,1,1,1,0,0
ep_0006,23,0.0153015545,-0.0667081624,0.0477169715,1,0.00792447664,0.0176928118,0.010190133,1,1,1,1,0,0
ep_0006,24,0.0117811961,-0.0470077954,0.0557045862,1,-0.00352035835,0.019700367,0.00798761472,1,1,1,1,0,0
ep_0006,25,0.00960479211,-0.0301163625,0.074541375,1,-0.002176404,0.0168914329,0.0188367888,1,1,1,1,0,0
ep_0006,26,0.00415697321,-0.0158278123,0.0920522884,1,-0.0054478189,0.0142885502,0.0175109133,1,1,1,1,0,0
ep_0006,27,0.00217548385,0.0102622425,0.102893546,1,-0.00198148936,0.0260900557,0.0108412579,1,1,1,1,0,0
ep_0006,28,0.0157590471,0.0268359631,0.119051345,1,0.0135835633,0.0165737197,0.0161577985,1,1,1,1,0,0
ep_0006,29,0.00990565494,0.0395906493,0.130356565,1,-0.00585339218,0.0127546862,0.0113052204,1,1,1,1,0,0
ep_0006,30,0.0077014151,0.063567549,0.140047029,1,-0.00220423983,0.0239768997,0.00969046354,1,1,1,1,0,0
ep_0006,31,0.0104322946,0.0818459019,0.157684028,1,0.00273087947,0.0182783529,0.0176369995,1,1,1,1,0,0
ep_0006,32,0.0112028616,0.0882063955,0.170059636,1,0.000770566985,0.0063604936,0.0123756081,1,1,1,1,0,0
ep_0006,33,0.0124938563,0.113911793,0.175034329,1,0.0012909947,0.0257053971,0.00497469306,1,1,1,1,0,1
ep_0006,34,0.0104713067,0.12909922,0.201765701,1,-0.00202254951,0.0151874274,0.0267313719,1,1,1,1,0,1
ep_0006,35,-0.00525227049,0.124796502,0.175396815,1,-0.0157235768,-0.00430271775,-0.0263688862,1,1,1,1,0,1
ep_0006,36,0.00185074424,0.128616452,0.148040771,1,0.00710301474,0.00381994992,-0.0273560435,1,1,1,1,0,1
ep_0006,37,0.00696473988,0.131267324,0.142001286,1,0.00511399563,0.00265087187,-0.00603948534,1,1,1,1,0,1
ep_0006,38,0.00493585831,0.12302991,0.10631936,1,-0.00202888157,-0.00823741406,-0.0356819257,1,1,1,1,0,1
ep_0006,39,0.00832004659,0.124016099,0.0846515,1,0.00338418828,0.00098618865,-0.0216678604,1,1,1,1,0,1
ep_0006,40,0.0088734366,0.128461689,0.0696421415,1,0.000553390011,0.00444559008,-0.0150093585,1,1,1,1,0,1
ep_0006,41,0.0116536561,0.133632734,0.0432858318,0,0.00278021954,0.00517104566,-0.0263563097,0,1,1,1,1,1
ep_0007,0,-0.124425717,0.0818663016,0.307892531,0,0,0,0,0,1,0,0,0,0
ep_0007,1,-0.111176908,0.0535798483,0.286373347,0,0.0132488087,-0.0282864533,-0.0215191841,0,1,0,0,0,0
ep_0007,2,-0.105232269,0.0324310586,0.283577621,0,0.00594463944,-0.0211487897,-0.00279572606,0,1,0,0,0,0
ep_0007,3,-0.0999090597,0.00933380984,0.268158942,0,0.00532320887,-0.0230972487,-0.0154186785,0,1,0,0,0,0
ep_0007,4,-0.095816493,-0.0131227439,0.269211531,0,0.00409256667,-0.0224565528,0.00105258822,0,1,0,0,0,0
ep_0007,5,-0.0874085799,-0.0328056738,0.246313035,0,0.00840791315,-0.0196829289,-0.0228984952,0,1,0,0,0,0
ep_0007,6,-0.0768488497,-0.0547026806,0.237895861,0,0.0105597302,-0.0218970068,-0.00841717422,0,1,0,0,0,0
ep_0007,7,-0.0721489042,-0.077078715,0.225623429,0,0.00469994545,-0.0223760344,-0.0122724324,0,1,0,0,0,0
ep_0007,8,-0.0599751659,-0.107497662,0.221046969,0,0.0121737383,-0.0304189473,-0.00457645953,0,1,0,0,0,0
ep_0007,9,-0.0656521916,-0.125343442,0.204914182,0,-0.00567702577,-0.0178457797,-0.0161327869,0,1,0,0,0,0
ep_0007,10,-0.0523628816,-0.150893435,0.187773734,0,0.01328931,-0.0255499929,-0.0171404481,0,1,0,0,0,0
ep_0007,11,-0.0425503477,-0.171301872,0.183283433,0,0.00981253386,-0.0204084367,-0.00449030101,0,1,1,0,0,0
ep_0007,12,-0.0404681191,-0.189247847,0.170005515,0,0.00208222866,-0.0179459751,-0.0132779181,0,1,1,0,0,0
ep_0007,13,-0.0347737335,-0.193699136,0.156188637,0,0.00569438562,-0.00445128977,-0.0138168782,0,1,1,0,0,0
ep_0007,14,-0.0375777073,-0.201512903,0.135280803,0,-0.00280397385,-0.0078137666,-0.0209078342,0,1,1,0,0,0
ep_0007,15,-0.0353647806,-0.195505649,0.121086381,0,0.00221292675,0.00600725412,-0.0141944215,0,1,1,0,0,0
ep_0007,16,-0.0422940105,-0.202712595,0.10153383,0,-0.00692922994,-0.00720694661,-0.0195525512,0,1,1,0,0,0
ep_0007,17,-0.0341413058,-0.195244208,0.0754380822,0,0.00815270469,0.00746838748,-0.0260957479,0,1,1,0,0,0
ep_0007,18,-0.0418490395,-0.193915486,0.065695554,0,-0.00770773366,0.00132872164,-0.0097425282,0,1,1,0,0,0
ep_0007,19,-0.040330749,-0.196407616,0.0401466303,1,0.00151829049,-0.0024921298,-0.0255489238,1,1,1,1,0,0
ep_0007,20,-0.0339231566,-0.193269968,0.021493813,1,0.00640759245,0.00313764811,-0.0186528172,1,1,1,1,0,0
ep_0007,21,-0.0321121439,-0.183098555,0.0381321013,1,0.00181101263,0.0101714134,0.0166382883,1,1,1,1,0,0
ep_0007,22,-0.00858584419,-0.174363658,0.0407362469,1,0.0235262997,0.00873489678,0.00260414556,1,1,1,1,0,0
ep_0007,23,0.00198506191,-0.164404631,0.0501548387,1,0.0105709061,0.00995902717,0.00941859186,1,1,1,1,0,0
ep_0007,24,0.0121923415,-0.146743312,0.0592784807,1,0.0102072796,0.0176613182,0.009123642,1,1,1,1,0,0
ep_0007,25,0.0298240762,-0.138796344,0.0732069612,1,0.0176317357,0.00794696808,0.0139284804,1,1,1,1,0,0
ep_0007,26,0.0414813571,-0.120427728,0.0810614154,1,0.0116572808,0.0183686167,0.00785445422,1,1,1,1,0,0
ep_0007,27,0.0537113585,-0.118668422,0.097774826,1,0.0122300014,0.0017593056,0.0167134106,1,1,1,1,0,0
ep_0007,28,0.0675869286,-0.111705951,0.103301004,1,0.0138755701,0.00696247071,0.00552617759,1,1,1,1,0,0
ep_0007,29,0.0793810561,-0.0980325937,0.115720823,1,0.0117941275,0.0136733577,0.0124198198,1,1,1,1,0,0
ep_0007,30,0.0965342894,-0.0895976573,0.129895598,1,0.0171532333,0.0084349364,0.0141747743,1,1,1,1,0,0
ep_0007,31,0.101690345,-0.0745037347,0.134466782,1,0.00515605509,0.0150939226,0.00457118452,1,1,1,1,0,0
ep_0007,32,0.122873291,-0.0561226867,0.135663137,1,0.0211829469,0.018381048,0.00119635463,1,1,1,1,0,0
ep_0007,33,0.12800692,-0.0486262292,0.155655175,1,0.00513362885,0.00749645755,0.0199920386,1,1,1,1,0,1
ep_0007,34,0.144756749,-0.0363399908,0.165398851,1,0.0167498291,0.0122862384,0.00974367559,1,1,1,1,0,1
ep_0007,35,0.142681435,-0.0353346206,0.143438309,1,-0.00207531452,0.00100537017,-0.0219605416,1,1,1,1,0,1
ep_0007,36,0.145201743,-0.0385317542,0.122878753,1,0.0025203079,-0.00319713354,-0.0205595568,1,1,1,1,0,1
ep_0007,37,0.147348762,-0.0314261019,0.0999620855,1,0.00214701891,0.00710565224,-0.0229166672,1,1,1,1,0,1
ep_0007,38,0.143036991,-0.038048666,0.0768542141,1,-0.0043117702,-0.00662256405,-0.0231078714,1,1,1,1,0,1
ep_0007,39,0.14144145,-0.0405422226,0.0621810555,1,-0.00159554183,-0.00249355659,-0.0146731585,1,1,1,1,0,1
ep_0007,40,0.140637562,-0.0354900919,0.0319751091,1,-0.000803887844,0.00505213067,-0.0302059464,1,1,1,1,0,1
ep_0007,41,0.14051868,-0.0391252898,0.0128651289,0,-0.000118881464,-0.00363519788,-0.0191099793,0,1,1,1,1,1
ep_0008,0,-0.290122151,0.287565112,0.309213758,0,0,0,0,0,1,0,0,0,0
ep_0008,1,-0.275814563,0.261912078,0.303619087,0,0.0143075883,-0.0256530344,-0.00559467077,0,1,0,0,0,0
ep_0008,2,-0.270395905,0.243974105,0.291006327,0,0.00541865826,-0.0179379731,-0.0126127601,0,1,0,0,0,0
ep_0008,3,-0.253267705,0.217689082,0.288059056,0,0.0171281993,-0.0262850225,-0.00294727087,0,1,0,0,0,0
ep_0008,4,-0.249610931,0.194646493,0.27233085,0,0.00365677476,-0.0230425894,-0.0157282054,0,1,0,0,0,0
ep_0008,5,-0.240372226,0.177167952,0.263150156,0,0.00923870504,-0.0174785405,-0.00918069482,0,1,0,0,0,0
ep_0008,6,-0.233954251,0.163580582,0.248180479,0,0.00641797483,-0.0135873705,-0.0149696767,0,1,0,0,0,0
ep_0008,7,-0.222414091,0.137311608,0.241181821,0,0.0115401596,-0.0262689739,-0.00699865818,0,1,0,0,0,0
ep_0008,8,-0.217044488,0.111181565,0.232147843,0,0.00536960363,-0.026130043,-0.00903397799,0,1,0,0,0,0
ep_0008,9,-0.199642792,0.0918078348,0.217132881,0,0.0174016953,-0.0193737298,-0.0150149614,0,1,0,0,0,0
ep_0008,10,-0.189136446,0.0725311413,0.210195616,0,0.0105063468,-0.0192766935,-0.0069372654,0,1,0,0,0,0
ep_0008,11,-0.186114773,0.0509487502,0.208447248,0,0.00302167237,-0.0215823911,-0.00174836814,0,1,1,0,0,0
ep_0008,12,-0.173906744,0.0278943013,0.194609687,0,0.0122080296,-0.0230544489,-0.013837561,0,1,1,0,0,0
ep_0008,13,-0.170298725,0.0277597737,0.174699083,0,0.00360801816,-0.000134527683,-0.0199106038,0,1,1,0,0,0
ep_0008,14,-0.166729242,0.0335416757,0.163540125,0,0.00356948376,0.005781902,-0.0111589581,0,1,1,0,0,0
ep_0008,15,-0.169787198,0.0322891623,0.138197184,0,-0.0030579567,-0.00125251338,-0.0253429413,0,1,1,0,0,0
ep_0008,16,-0.174145088,0.0354303792,0.116991647,0,-0.00435788929,0.00314121693,-0.021205537,0,1,1,0,0,0
ep_0008,17,-0.175079972,0.0306341331,0.105344743,0,-0.000934883952,-0.00479624607,-0.0116469041,0,1,1,0,0,0
ep_0008,18,-0.176499724,0.0303356834,0.0833116919,0,-0.00141975284,-0.00029844977,-0.0220330507,0,1,1,0,0,0
ep_0008,19,-0.178936705,0.0279374532,0.064168632,1,-0.00243698061,-0.00239823014,-0.0191430598,1,1,1,1,0,0
ep_0008,20,-0.168876648,0.0257528834,0.0418033078,1,0.010060057,-0.00218456984,-0.0223653242,1,1,1,1,0,0
ep_0008,21,-0.152507335,0.0341516659,0.0510498285,1,0.016369313,0.00839878246,0.0092465207,1,1,1,1,0,0
ep_0008,22,-0.143231958,0.0115881301,0.0622047447,1,0.0092753768,-0.0225635357,0.0111549161,1,1,1,1,0,0
ep_0008,23,-0.125722438,-0.00796788465,0.0673349723,1,0.0175095201,-0.0195560157,0.00513022766,1,1,1,1,0,0
ep_0008,24,-0.126624838,-0.0214184131,0.0748392865,1,-0.000902399421,-0.0134505285,0.00750431418,1,1,1,1,0,0
ep_0008,25,-0.106991783,-0.0396744311,0.0856607556,1,0.0196330547,-0.0182560179,0.0108214691,1,1,1,1,0,0
ep_0008,26,-0.096479997,-0.0455684364,0.0923016593,1,0.0105117857,-0.0058940053,0.00664090365,1,1,1,1,0,0
ep_0008,27,-0.0804975554,-0.0632441416,0.0965914428,1,0.0159824416,-0.0176757053,0.00428978354,1,1,1,1,0,0
ep_0008,28,-0.067806311,-0.0700279102,0.109719418,1,0.0126912445,-0.00678376853,0.0131279752,1,1,1,1,0,0
ep_0008,29,-0.0575517453,-0.083856523,0.116888568,1,0.0102545656,-0.0138286129,0.00716914982,1,1,1,1,0,0
ep_0008,30,-0.0399630554,-0.110997245,0.12616685,1,0.0175886899,-0.0271407217,0.00927828252,1,1,1,1,0,0
ep_0008,31,-0.0318651237,-0.108802639,0.138543636,1,0.00809793174,0.00219460577,0.0123767853,1,1,1,1,0,0
ep_0008,32,-0.0135504501,-0.13226147,0.142120674,1,0.0183146745,-0.023458831,0.00357703865,1,1,1,1,0,0
ep_0008,33,-0.00172857114,-0.141399249,0.152452499,1,0.0118218791,-0.00913777947,0.0103318244,1,1,1,1,0,1
ep_0008,34,0.0067933267,-0.157710075,0.15201515,1,0.00852189772,-0.0163108259,-0.000437349081,1,1,1,1,0,1
ep_0008,35,0.0183573738,-0.147199184,0.138701975,1,0.0115640471,0.0105108917,-0.0133131742,1,1,1,1,0,1
ep_0008,36,0.00693957973,-0.15034236,0.117766514,1,-0.011417794,-0.00314317644,-0.0209354609,1,1,1,1,0,1
ep_0008,37,0.0123907207,-0.151178002,0.0969171152,1,0.00545114093,-0.000835642219,-0.0208493993,1,1,1,1,0,1
ep_0008,38,0.0137742609,-0.151114479,0.0713516474,1,0.00138354022,6.35236502e-05,-0.0255654678,1,1,1,1,0,1
ep_0008,39,0.0041287709,-0.155455396,0.0420656912,1,-0.00964548998,-0.00434091687,-0.0292859562,1,1,1,1,0,1
ep_0008,40,0.0134678669,-0.151711017,0.0230143853,1,0.00933909602,0.00374437869,-0.0190513059,1,1,1,1,0,1
ep_0008,41,0.0120436456,-0.147019386,0.00726124831,0,-0.00142422132,0.0046916306,-0.0157531369,0,1,1,1,1,1
ep_0009,0,-0.050899338,-0.0362669639,0.238100946,0,0,0,0,0,1,0,0,0,0
ep_0009,1,-0.0554254092,-0.0332883298,0.2350059,0,-0.00452607125,0.00297863409,-0.00309504569,0,1,0,0,0,0
ep_0009,2,-0.0607168078,-0.0305552389,0.22839956,0,-0.00529139861,0.00273309089,-0.00660634041,0,1,0,0,0,0
ep_0009,3,-0.0749536306,-0.0237849168,0.225213438,0,-0.0142368227,0.0067703221,-0.00318612158,0,1,0,0,0,0
ep_0009,4,-0.0802599341,-0.0320506543,0.22102116,0,-0.0053063035,-0.00826573744,-0.00419227779,0,1,0,0,0,0
ep_0009,5,-0.0810801461,-0.0257034935,0.210533127,0,-0.000820212066,0.00634716079,-0.0104880333,0,1,0,0,0,0
ep_0009,6,-0.0936676413,-0.0199810807,0.206480995,0,-0.0125874951,0.00572241284,-0.00405213237,0,1,0,0,0,0
ep_0009,7,-0.103878967,-0.0196995344,0.188116238,0,-0.0102113262,0.000281546265,-0.0183647573,0,1,0,0,0,0
ep_0009,8,-0.108103625,-0.0147480033,0.183323801,0,-0.00422465801,0.00495153107,-0.00479243696,0,1,0,0,0,0
ep_0009,9,-0.114471994,-0.0230091643,0.176625937,0,-0.00636836886,-0.00826116093,-0.00669786334,0,1,0,0,0,0
ep_0009,10,-0.12378829,-0.00663490454,0.170612082,0,-0.00931629539,0.0163742602,-0.00601385534,0,1,0,0,0,0
ep_0009,11,-0.130148277,-0.0123160826,0.170521721,0,-0.00635998696,-0.00568117807,-9.03606415e-05,0,1,1,0,0,0
ep_0009,12,-0.134839803,-0.0157499667,0.161148652,0,-0.00469152629,-0.00343388412,-0.00937306881,0,1,1,0,0,0
ep_0009,13,-0.136092424,-0.0113043357,0.13388586,0,-0.00125262141,0.00444563106,-0.027262792,0,1,1,0,0,0
ep_0009,14,-0.136354789,-0.00393983349,0.124098197,0,-0.000262364745,0.00736450218,-0.00978766382,0,1,1,0,0,0
ep_0009,15,-0.13207902,-0.00724977627,0.0921802372,0,0.004275769,-0.00330994278,-0.0319179595,0,1,1,0,0,0
ep_0009,16,-0.132696852,-0.013052782,0.0777055025,0,-0.000617831945,-0.00580300577,-0.0144747347,0,1,1,0,0,0
ep_0009,17,-0.13797228,-0.0125528947,0.0585576855,0,-0.0052754283,0.000499887392,-0.019147817,0,1,1,0,0,0
ep_0009,18,-0.137659177,-0.0119969845,0.0466707051,0,0.000313103199,0.00055591017,-0.0118869804,0,1,1,0,0,0
ep_0009,19,-0.139331624,-0.0118507426,0.0280595422,1,-0.00167244673,0.000146241859,-0.0186111629,1,1,1,1,0,0
ep_0009,20,-0.137959644,-0.0162844546,0.0059438562,1,0.00137197971,-0.00443371199,-0.022115685,1,1,1,1,0,0
ep_0009,21,-0.141638592,-0.00236842409,0.0214264542,1,-0.00367894769,0.0139160305,0.015482598,1,1,1,1,0,0
ep_0009,22,-0.139541984,-0.00203249604,0.0287004467,1,0.00209660828,0.000335928053,0.00727399252,1,1,1,1,0,0
ep_0009,23,-0.137969047,0.00127455662,0.039385125,1,0.00157293677,0.00330705266,0.0106846783,1,1,1,1,0,0
ep_0009,24,-0.146158308,0.00861154683,0.0517659634,1,-0.00818926096,0.00733698998,0.0123808384,1,1,1,1,0,0
ep_0009,25,-0.147532687,0.0090821702,0.0651923269,1,-0.0013743788,0.000470623374,0.0134263635,1,1,1,1,0,0
ep_0009,26,-0.147226453,0.00950946845,0.0695741549,1,0.000306233764,0.000427298248,0.00438182801,1,1,1,1,0,0
ep_0009,27,-0.145253867,0.0210111961,0.088270545,1,0.00197258592,0.0115017276,0.0186963901,1,1,1,1,0,0
ep_0009,28,-0.148813501,0.0213932581,0.096810095,1,-0.00355963409,0.000382062048,0.00853955001,1,1,1,1,0,0
ep_0009,29,-0.148985207,0.0265099443,0.118010409,1,-0.00017170608,0.00511668622,0.0212003142,1,1,1,1,0,0
ep_0009,30,-0.162853435,0.0366216041,0.124828093,1,-0.0138682276,0.0101116598,0.00681768358,1,1,1,1,0,0
ep_0009,31,-0.158779234,0.0380338803,0.129686385,1,0.00407420099,0.00141227618,0.00485829264,1,1,1,1,0,0
ep_0009,32,-0.167110145,0.0422910564,0.153525248,1,-0.0083309114,0.00425717607,0.0238388628,1,1,1,1,0,0
ep_0009,33,-0.16003865,0.0400196426,0.154823884,1,0.00707149506,-0.0022714138,0.0012986362,1,1,1,1,0,1
ep_0009,34,-0.163998246,0.0552343354,0.166724801,1,-0.00395959616,0.0152146928,0.0119009167,1,1,1,1,0,1
ep_0009,35,-0.162072331,0.0542078204,0.137425393,1,0.00192591548,-0.00102651492,-0.0292994082,1,1,1,1,0,1
ep_0009,36,-0.164427444,0.0515759289,0.128066063,1,-0.00235511363,-0.00263189152,-0.00935932994,1,1,1,1,0,1
ep_0009,37,-0.169994056,0.0478817187,0.110193186,1,-0.00556661189,-0.0036942102,-0.0178728774,1,1,1,1,0,1
ep_0009,38,-0.158071294,0.0567955151,0.080867514,1,0.0119227618,0.0089137964,-0.0293256715,1,1,1,1,0,1
ep_0009,39,-0.165452957,0.0464749634,0.057536453,1,-0.00738166273,-0.0103205517,-0.023331061,1,1,1,1,0,1
ep_0009,40,-0.173821703,0.048449751,0.0359607153,1,-0.00836874545,0.00197478756,-0.0215757377,1,1,1,1,0,1
ep_0009,41,-0.168141246,0.0492479391,0.0216746125,0,0.00568045676,0.00079818815,-0.0142861027,0,1,1,1,1,1
ep_0010,0,0.00678586122,-0.227545127,0.318891734,0,0,0,0,0,1,0,0,0,0
ep_0010,1,0.00302265841,-0.190345764,0.306353182,0,-0.00376320281,0.0371993631,-0.0125385523,0,1,0,0,0,0
ep_0010,2,0.00552779669,-0.159746021,0.29821679,0,0.00250513828,0.0305997431,-0.00813639164,0,1,0,0,0,0
ep_0010,3,0.0108210556,-0.121320933,0.281199366,0,0.00529325893,0.0384250879,-0.0170174241,0,1,0,0,0,0
ep_0010,4,0.0104154823,-0.094082877,0.278620392,0,-0.000405573286,0.0272380561,-0.00257897377,0,1,0,0,0,0
ep_0010,5,0.0065029934,-0.0570878126,0.263865709,0,-0.00391248893,0.0369950645,-0.0147546828,0,1,0,0,0,0
ep_0010,6,0.00752396975,-0.0187070724,0.254874259,0,0.00102097634,0.0383807421,-0.00899145007,0,1,0,0,0,0
ep_0010,7,0.0188769065,0.00748005509,0.246610478,0,0.0113529367,0.0261871275,-0.00826378167,0,1,0,0,0,0
ep_0010,8,0.0163063332,0.047674641,0.235025644,0,-0.00257057324,0.0401945859,-0.0115848333,0,1,0,0,0,0
ep_0010,9,0.0199714135,0.076215744,0.225932404,0,0.00366508029,0.028541103,-0.0090932399,0,1,0,0,0,0
ep_0010,10,0.0159033332,0.110021442,0.217777818,0,-0.00406808034,0.0338056982,-0.00815458596,0,1,0,0,0,0
ep_0010,11,0.0165042635,0.140190974,0.203344971,0,0.000600930303,0.0301695317,-0.0144328475,0,1,1,0,0,0
ep_0010,12,0.0208570398,0.1789231,0.194510609,0,0.00435277633,0.0387321264,-0.00883436203,0,1,1,0,0,0
ep_0010,13,0.0223468971,0.182766333,0.175458193,0,0.00148985721,0.00384323299,-0.0190524161,0,1,1,0,0,0
ep_0010,14,0.0215837117,0.175497934,0.159108087,0,-0.000763185322,-0.007268399,-0.0163501054,0,1,1,0,0,0
ep_0010,15,0.0234067775,0.180928186,0.133293822,0,0.0018230658,0.00543025136,-0.025814265,0,1,1,0,0,0
ep_0010,16,0.0196259096,0.179748908,0.116677441,0,-0.0037808679,-0.0011792779,-0.0166163817,0,1,1,0,0,0
ep_0010,17,0.0162395444,0.176347733,0.0971136764,0,-0.00338636525,-0.00340117514,-0.0195637643,0,1,1,0,0,0
ep_0010,18,0.0216559991,0.183478132,0.0752548128,0,0.00541645475,0.00713039935,-0.0218588635,0,1,1,0,0,0
ep_0010,19,0.0164960492,0.177238375,0.0587408207,1,-0.00515994988,-0.00623975694,-0.0165139921,1,1,1,1,0,0
ep_0010,20,0.0199493244,0.170696869,0.0417029001,1,0.00345327519,-0.00654150546,-0.0170379207,1,1,1,1,0,0
ep_0010,21,0.022127185,0.158606395,0.0515408032,1,0.00217786059,-0.0120904744,0.00983790308,1,1,1,1,0,0
ep_0010,22,0.0163900685,0.151470006,0.0593396351,1,-0.00573711656,-0.00713638961,0.00779883191,1,1,1,1,0,0
ep_0010,23,0.0168212242,0.126539469,0.075476706,1,0.000431155786,-0.0249305367,0.016137071,1,1,1,1,0,0
ep_0010,24,0.0181491449,0.118285432,0.0761644095,1,0.00132792071,-0.00825403631,0.00068770349,1,1,1,1,0,0
ep_0010,25,0.0160894729,0.0888359621,0.0818064213,1,-0.00205967203,-0.0294494703,0.00564201176,1,1,1,1,0,0
ep_0010,26,0.0214550197,0.0767372698,0.0931868106,1,0.00536554679,-0.0120986924,0.0113803893,1,1,1,1,0,0
ep_0010,27,0.0126068126,0.0596575513,0.102383174,1,-0.00884820707,-0.0170797184,0.00919636339,1,1,1,1,0,0
ep_0010,28,0.0123701869,0.0434751771,0.110677779,1,-0.000236625783,-0.0161823742,0.00829460472,1,1,1,1,0,0
ep_0010,29,0.0160436668,0.0237429664,0.121872894,1,0.00367347989,-0.0197322108,0.0111951157,1,1,1,1,0,0
ep_0010,30,0.00464580441,0.00878132042,0.13061063,1,-0.0113978628,-0.0149616459,0.00873773545,1,1,1,1,0,0
ep_0010,31,0.00527308509,-0.00243731122,0.134502739,1,0.000627280679,-0.0112186316,0.0038921088,1,1,1,1,0,0
ep_0010,32,0.00305091031,-0.0233172718,0.143783554,1,-0.00222217478,-0.0208799616,0.00928081572,1,1,1,1,0,0
ep_0010,33,0.00753518194,-0.0386150181,0.152517766,1,0.00448427163,-0.0152977463,0.00873421133,1,1,1,1,0,1
ep_0010,34,0.0145133752,-0.0562714636,0.158169061,1,0.0069781933,-0.0176564455,0.00565129519,1,1,1,1,0,1
ep_0010,35,0.00758080278,-0.0564903989,0.138340637,1,-0.00693257246,-0.000218935311,-0.0198284239,1,1,1,1,0,1
ep_0010,36,0.0036234716,-0.0569267645,0.117615275,1,-0.00395733118,-0.000436365604,-0.020725362,1,1,1,1,0,1
ep_0010,37,0.0142802224,-0.0603637397,0.104464382,1,0.0106567508,-0.00343697518,-0.0131508932,1,1,1,1,0,1
ep_0010,38,-0.00115061412,-0.058155559,0.0739971846,1,-0.015430836,0.00220818073,-0.0304671973,1,1,1,1,0,1
ep_0010,39,0.00523386616,-0.0556381792,0.0559511334,1,0.00638448028,0.00251737982,-0.0180460513,1,1,1,1,0,1
ep_0010,40,0.0102634216,-0.0560565665,0.0366110094,1,0.00502955541,-0.000418387353,-0.019340124,1,1,1,1,0,1
ep_0010,41,0.00642197486,-0.0607696325,0.00708262855,0,-0.00384144671,-0.00471306592,-0.0295283813,0,1,1,1,1,1
ep_0011,0,0.0529817306,0.0635670498,0.270092726,0,0,0,0,0,1,0,0,0,0
ep_0011,1,0.0401877612,0.0640302077,0.268934131,0,-0.0127939694,0.000463157892,-0.00115859509,0,1,0,0,0,0
ep_0011,2,0.043331746,0.0499979034,0.256478637,0,0.00314398482,-0.0140323043,-0.0124554932,0,1,0,0,0,0
ep_0011,3,0.041965995,0.0435521081,0.255370319,0,-0.00136575103,-0.0064457953,-0.00110831857,0,1,0,0,0,0
ep_0011,4,0.0289086029,0.0456843376,0.25047943,0,-0.0130573921,0.00213222951,-0.00489088893,0,1,0,0,0,0
ep_0011,5,0.031547498,0.0322678573,0.241075799,0,0.00263889506,-0.0134164803,-0.00940363109,0,1,0,0,0,0
ep_0011,6,0.0237358995,0.0296910759,0.232724249,0,-0.00781159848,-0.00257678144,-0.00835154951,0,1,0,0,0,0
ep_0011,7,0.0227181613,0.0226268135,0.235702783,0,-0.00101773813,-0.00706426241,0.00297853351,0,1,0,0,0,0
ep_0011,8,0.0216702688,0.025588965,0.223349482,0,-0.0010478925,0.00296215154,-0.012353301,0,1,0,0,0,0
ep_0011,9,0.013348477,0.0112255234,0.21464169,0,-0.00832179189,-0.0143634416,-0.00870779157,0,1,0,0,0,0
ep_0011,10,-0.000755842309,0.00806512684,0.212102547,0,-0.0141043197,-0.00316039659,-0.00253914297,0,1,0,0,0,0
ep_0011,11,-0.00308879977,0.000328656286,0.207410142,0,-0.00233295746,-0.00773647055,-0.00469240546,0,1,1,0,0,0
ep_0011,12,-0.000589434989,-0.0158965141,0.198865727,0,0.00249936478,-0.0162251703,-0.00854441524,0,1,1,0,0,0
ep_0011,13,-0.0112367654,-0.0109311584,0.185251713,0,-0.0106473304,0.00496535562,-0.0136140138,0,1,1,0,0,0
ep_0011,14,-0.00718710665,-0.00963563472,0.161904648,0,0.00404965878,0.00129552372,-0.0233470649,0,1,1,0,0,0
ep_0011,15,-0.00678070635,-0.00967395306,0.148798168,0,0.000406400301,-3.8318336e-05,-0.0131064802,0,1,1,0,0,0
ep_0011,16,-0.00258558639,-0.00844602287,0.122450791,0,0.00419512019,0.00122793019,-0.0263473764,0,1,1,0,0,0
ep_0011,17,-0.0102697993,-0.0149506014,0.102124467,0,-0.00768421311,-0.00650457852,-0.0203263238,0,1,1,0,0,0
ep_0011,18,-0.00504842028,-0.0105739087,0.0854915157,0,0.00522137899,0.0043766927,-0.0166329518,0,1,1,0,0,0
ep_0011,19,-0.00682476955,-0.0146325473,0.0633399263,1,-0.00177634927,-0.00405863859,-0.0221515894,1,1,1,1,0,0
ep_0011,20,-0.00966018811,-0.0144561101,0.043715708,1,-0.00283541856,0.000176437199,-0.0196242183,1,1,1,1,0,0
ep_0011,21,-0.00588819804,-0.000620207051,0.0632578507,1,0.00377199007,0.0138359033,0.0195421427,1,1,1,1,0,0
ep_0011,22,-0.000657496625,0.00954523683,0.0633513629,1,0.00523070153,0.0101654436,9.35122371e-05,1,1,1,1,0,0
ep_0011,23,0.000478698872,0.0118197585,0.0663119331,1,0.0011361955,0.00227452163,0.00296057016,1,1,1,1,0,0
ep_0011,24,0.0032629394,0.0170514192,0.0731279328,1,0.00278424053,0.00523166079,0.00681599975,1,1,1,1,0,0
ep_0011,25,0.0198673718,0.0283622034,0.0845595822,1,0.0166044328,0.0113107841,0.0114316493,1,1,1,1,0,0
ep_0011,26,0.00950933341,0.0373506062,0.0875117481,1,-0.0103580384,0.00898840278,0.0029521659,1,1,1,1,0,0
ep_0011,27,0.0230487995,0.0460353643,0.0940523297,1,0.0135394661,0.0086847581,0.00654058158,1,1,1,1,0,0
ep_0011,28,0.0224861111,0.0452442989,0.106330387,1,-0.000562688336,-0.000791065395,0.0122780576,1,1,1,1,0,0
ep_0011,29,0.0176950842,0.0497735068,0.10682328,1,-0.00479102693,0.00452920794,0.000492893159,1,1,1,1,0,0
ep_0011,30,0.0254390333,0.0649511367,0.116790466,1,0.00774394907,0.0151776299,0.00996718556,1,1,1,1,0,0
ep_0011,31,0.0285266619,0.0725559443,0.139188871,1,0.00308762863,0.00760480762,0.0223984048,1,1,1,1,0,0
ep_0011,32,0.0369071253,0.0871796459,0.133581653,1,0.00838046335,0.0146237016,-0.00560721755,1,1,1,1,0,0
ep_0011,33,0.034029562,0.0869561583,0.138571098,1,-0.00287756324,-0.000223487616,0.00498944521,1,1,1,1,0,1
ep_0011,34,0.0393096544,0.0988957882,0.14297086,1,0.00528009236,0.0119396299,0.00439976156,1,1,1,1,0,1
ep_0011,35,0.0283123739,0.0993516222,0.134098157,1,-0.0109972805,0.000455833972,-0.00887270272,1,1,1,1,0,1
ep_0011,36,0.0467354991,0.0895109624,0.109095983,1,0.0184231251,-0.0098406598,-0.0250021741,1,1,1,1,0,1
ep_0011,37,0.0396685526,0.0969498083,0.0859738737,1,-0.00706694648,0.00743884593,-0.0231221095,1,1,1,1,0,1
ep_0011,38,0.0303520523,0.099254258,0.0666169077,1,-0.00931650028,0.00230444968,-0.019356966,1,1,1,1,0,1
ep_0011,39,0.0369199626,0.0954727456,0.0439275317,1,0.00656791031,-0.00378151238,-0.022689376,1,1,1,1,0,1
ep_0011,40,0.038963329,0.0995302647,0.0236277655,1,0.00204336643,0.00405751914,-0.0202997662,1,1,1,1,0,1
ep_0011,41,0.0434881039,0.0954134017,0.000750842271,0,0.00452477485,-0.00411686301,-0.0228769239,0,1,1,1,1,1
ep_0012,0,-0.0763504058,-0.276742697,0.28103447,0,0,0,0,0,1,0,0,0,0
ep_0012,1,-0.0659962744,-0.254186332,0.270022273,0,0.0103541315,0.0225563645,-0.0110121965,0,1,0,0,0,0
ep_0012,2,-0.0361545049,-0.246715471,0.253327966,0,0.0298417695,0.00747086108,-0.0166943073,0,1,0,0,0,0
ep_0012,3,-0.0185363255,-0.226793423,0.255867869,0,0.0176181793,0.0199220479,0.00253990293,0,1,0,0,0,0
ep_0012,4,0.00199608784,-0.209911257,0.242280841,0,0.0205324143,0.0168821663,-0.0135870278,0,1,0,0,0,0
ep_0012,5,0.0254092086,-0.191797242,0.224027768,0,0.0234131217,0.0181140155,-0.0182530731,0,1,0,0,0,0
ep_0012,6,0.0500469021,-0.181641996,0.221777543,0,0.0246376935,0.0101552457,-0.00225022435,0,1,0,0,0,0
ep_0012,7,0.0710354596,-0.163696975,0.215196252,0,0.0209885575,0.0179450214,-0.00658129156,0,1,0,0,0,0
ep_0012,8,0.0939570144,-0.149949178,0.20172666,0,0.0229215547,0.0137477964,-0.0134695917,0,1,0,0,0,0
ep_0012,9,0.118054569,-0.130969599,0.201388612,0,0.0240975544,0.0189795792,-0.000338047743,0,1,0,0,0,0
ep_0012,10,0.138039783,-0.116725244,0.181570396,0,0.0199852139,0.0142443553,-0.0198182166,0,1,0,0,0,0
ep_0012,11,0.147771984,-0.100079313,0.171894863,0,0.0097322017,0.0166459307,-0.00967553258,0,1,1,0,0,0
ep_0012,12,0.176310852,-0.0825002119,0.168193132,0,0.0285388678,0.017579101,-0.00370173156,0,1,1,0,0,0
ep_0012,13,0.176422521,-0.0881772786,0.140455872,0,0.000111669302,-0.00567706674,-0.0277372599,0,1,1,0,0,0
ep_0012,14,0.174617261,-0.0882200748,0.129784614,0,-0.00180526078,-4.27961349e-05,-0.010671258,0,1,1,0,0,0
ep_0012,15,0.174055636,-0.0855344981,0.102721915,0,-0.000561624765,0.00268557668,-0.0270626992,0,1,1,0,0,0
ep_0012,16,0.186288714,-0.0765332207,0.0933260396,0,0.0122330785,0.00900127739,-0.00939587504,0,1,1,0,0,0
ep_0012,17,0.180411831,-0.079963237,0.0712451562,0,-0.00587688386,-0.00343001634,-0.0220808834,0,1,1,0,0,0
ep_0012,18,0.168803915,-0.0772367716,0.0564506017,0,-0.0116079152,0.00272646546,-0.0147945546,0,1,1,0,0,0
ep_0012,19,0.175640434,-0.0797719806,0.0348174982,1,0.00683651865,-0.00253520906,-0.0216331035,1,1,1,1,0,0
ep_0012,20,0.172217712,-0.0883508623,0.0127904285,1,-0.00342272222,-0.00857888162,-0.0220270697,1,1,1,1,0,0
ep_0012,21,0.150520742,-0.0626754686,0.0299844351,1,-0.0216969699,0.0256753936,0.0171940066,1,1,1,1,0,0
ep_0012,22,0.127039984,-0.0452925973,0.0373257175,1,-0.0234807581,0.0173828714,0.00734128244,1,1,1,1,0,0
ep_0012,23,0.101137266,-0.026954148,0.0530131981,1,-0.0259027183,0.0183384493,0.0156874806,1,1,1,1,0,0
ep_0012,24,0.0858544111,-0.00760543859,0.0650172979,1,-0.0152828544,0.0193487089,0.0120040998,1,1,1,1,0,0
ep_0012,25,0.0540370755,0.0090769846,0.0730583146,1,-0.0318173356,0.0166824237,0.00804101676,1,1,1,1,0,0
ep_0012,26,0.0363610275,0.0256483592,0.0796185359,1,-0.017676048,0.0165713746,0.00656022131,1,1,1,1,0,0
ep_0012,27,0.0141386986,0.0462435149,0.0997025743,1,-0.0222223289,0.0205951557,0.0200840384,1,1,1,1,0,0
ep_0012,28,-0.0180642456,0.0647406429,0.11856617,1,-0.0322029442,0.018497128,0.018863596,1,1,1,1,0,0
ep_0012,29,-0.0338609517,0.0815357417,0.112232849,1,-0.0157967061,0.0167950988,-0.00633332133,1,1,1,1,0,0
ep_0012,30,-0.0587018952,0.0960457399,0.130862266,1,-0.0248409435,0.0145099983,0.0186294168,1,1,1,1,0,0
ep_0012,31,-0.0810397863,0.11352057,0.138252288,1,-0.0223378912,0.0174748302,0.00739002228,1,1,1,1,0,0
ep_0012,32,-0.101099961,0.136154875,0.155213892,1,-0.0200601742,0.0226343051,0.0169616044,1,1,1,1,0,0
ep_0012,33,-0.123968922,0.153353348,0.163969606,1,-0.0228689611,0.0171984732,0.0087557137,1,1,1,1,0,1
ep_0012,34,-0.143289044,0.168938071,0.170653597,1,-0.0193201229,0.0155847222,0.00668399036,1,1,1,1,0,1
ep_0012,35,-0.150314927,0.165677607,0.150885344,1,-0.0070258826,-0.00326046348,-0.019768253,1,1,1,1,0,1
ep_0012,36,-0.147981882,0.166169971,0.124779299,1,0.00233304501,0.000492364168,-0.0261060447,1,1,1,1,0,1
ep_0012,37,-0.144916311,0.164653078,0.111271761,1,0.00306557119,-0.00151689351,-0.0135075375,1,1,1,1,0,1
ep_0012,38,-0.149660766,0.169381589,0.0898844227,1,-0.00474445522,0.00472851098,-0.0213873386,1,1,1,1,0,1
ep_0012,39,-0.146871433,0.163393438,0.066288121,1,0.00278933346,-0.00598815084,-0.0235963017,1,1,1,1,0,1
ep_0012,40,-0.145684645,0.167908251,0.0453735851,1,0.00118678808,0.00451481342,-0.020914536,1,1,1,1,0,1
ep_0012,41,-0.145362392,0.165295318,0.021259442,0,0.000322252512,-0.00261293352,-0.0241141431,0,1,1,1,1,1
ep_0013,0,-0.117526665,-0.0776231959,0.322743505,0,0,0,0,0,1,0,0,0,0
ep_0013,1,-0.103139259,-0.0721955299,0.310603857,0,0.0143874064,0.00542766601,-0.0121396482,0,1,0,0,0,0
ep_0013,2,-0.0662721992,-0.0663126484,0.299820155,0,0.0368670598,0.00588288158,-0.0107837021,0,1,0,0,0,0
ep_0013,3,-0.0384666249,-0.0647366866,0.290298074,0,0.0278055742,0.00157596171,-0.00952208042,0,1,0,0,0,0
ep_0013,4,-0.0233494304,-0.0615355857,0.286698967,0,0.0151171945,0.00320110098,-0.00359910727,0,1,0,0,0,0
ep_0013,5,0.0110078957,-0.0517047457,0.264968008,0,0.0343573242,0.00983083993,-0.0217309594,0,1,0,0,0,0
ep_0013,6,0.0302874092,-0.0497139171,0.256351292,0,0.0192795135,0.00199082866,-0.00861671567,0,1,0,0,0,0
ep_0013,7,0.0577762239,-0.0480720103,0.248574302,0,0.0274888147,0.0016419068,-0.00777699053,0,1,0,0,0,0
ep_0013,8,0.0831125677,-0.0492685065,0.236942947,0,0.0253363438,-0.00119649619,-0.0116313547,0,1,0,0,0,0
ep_0013,9,0.108746618,-0.0414644293,0.223200023,0,0.0256340504,0.00780407712,-0.0137429237,0,1,0,0,0,0
ep_0013,10,0.139252543,-0.031144483,0.217630416,0,0.0305059254,0.0103199463,-0.00556960702,0,1,0,0,0,0
ep_0013,11,0.164261803,-0.0299917646,0.202512354,0,0.0250092596,0.00115271844,-0.0151180625,0,1,1,0,0,0
ep_0013,12,0.191001013,-0.0252638608,0.199641183,0,0.0267392099,0.00472790375,-0.00287117064,0,1,1,0,0,0
ep_0013,13,0.18679522,-0.0250224881,0.166407123,0,-0.00420579314,0.000241372734,-0.0332340598,0,1,1,0,0,0
ep_0013,14,0.188855663,-0.0293408409,0.160285875,0,0.00206044316,-0.00431835279,-0.00612124801,0,1,1,0,0,0
ep_0013,15,0.187536925,-0.0208917968,0.136542171,0,-0.00131873786,0.00844904408,-0.023743704,0,1,1,0,0,0
ep_0013,16,0.181108996,-0.0264958479,0.11984399,0,-0.00642792881,-0.00560405105,-0.0166981816,0,1,1,0,0,0
ep_0013,17,0.177523151,-0.0298807733,0.097363703,0,-0.00358584523,-0.00338492543,-0.0224802867,0,1,1,0,0,0
ep_0013,18,0.19328022,-0.0183685422,0.0787324086,0,0.015757069,0.0115122311,-0.0186312944,0,1,1,0,0,0
ep_0013,19,0.18940714,-0.0222626459,0.0596716776,1,-0.00387308002,-0.00389410369,-0.0190607309,1,1,1,1,0,0
ep_0013,20,0.188059628,-0.0246613529,0.0409832187,1,-0.00134751201,-0.00239870697,-0.0186884589,1,1,1,1,0,0
ep_0013,21,0.18164748,-0.019549584,0.0582911894,1,-0.00641214848,0.00511176884,0.0173079707,1,1,1,1,0,0
ep_0013,22,0.16861473,-0.00741731189,0.0622143634,1,-0.0130327493,0.0121322721,0.00392317399,1,1,1,1,0,0
ep_0013,23,0.147009954,-0.000524554751,0.0733728334,1,-0.0216047764,0.00689275702,0.0111584701,1,1,1,1,0,0
ep_0013,24,0.137520045,-0.00142194889,0.0858504474,1,-0.00948990881,-0.000897394144,0.012477614,1,1,1,1,0,0
ep_0013,25,0.126473397,0.0167077333,0.0997965336,1,-0.011046648,0.0181296822,0.0139460862,1,1,1,1,0,0
ep_0013,26,0.112677686,0.0291697178,0.107215591,1,-0.0137957111,0.0124619845,0.00741905719,1,1,1,1,0,0
ep_0013,27,0.098904185,0.0344162583,0.123927675,1,-0.0137735009,0.00524654053,0.0167120844,1,1,1,1,0,0
ep_0013,28,0.0875096545,0.0395269319,0.125085369,1,-0.0113945305,0.00511067361,0.00115769356,1,1,1,1,0,0
ep_0013,29,0.0693245232,0.0459680259,0.147812322,1,-0.0181851313,0.00644109398,0.022726953,1,1,1,1,0,0
ep_0013,30,0.0613021962,0.0573555939,0.149748549,1,-0.00802232698,0.011387568,0.00193622708,1,1,1,1,0,0
ep_0013,31,0.043263264,0.0635001883,0.168700501,1,-0.0180389322,0.0061445944,0.0189519525,1,1,1,1,0,0
ep_0013,32,0.0447723866,0.0701695532,0.170764104,1,0.00150912255,0.00666936487,0.00206360221,1,1,1,1,0,0
ep_0013,33,0.027090434,0.0846324414,0.186817661,1,-0.0176819526,0.0144628882,0.0160535574,1,1,1,1,0,1
ep_0013,34,0.000343570486,0.0880440101,0.192599863,1,-0.0267468635,0.0034115687,0.00578220189,1,1,1,1,0,1
ep_0013,35,0.00993543211,0.0920186266,0.182584941,1,0.00959186163,0.00397461653,-0.0100149214,1,1,1,1,0,1
ep_0013,36,0.0157892853,0.0901807696,0.151270345,1,0.00585385319,-0.00183785707,-0.0313145965,1,1,1,1,0,1
ep_0013,37,0.00921373814,0.0808929205,0.14189963,1,-0.00657554716,-0.00928784907,-0.00937071443,1,1,1,1,0,1
ep_0013,38,0.011734671,0.0901083574,0.111440517,1,0.00252093282,0.00921543688,-0.0304591134,1,1,1,1,0,1
ep_0013,39,0.00361393113,0.0900225937,0.0901072919,1,-0.00812073983,-8.57636333e-05,-0.0213332251,1,1,1,1,0,1
ep_0013,40,0.00900060311,0.0779032186,0.0631175414,1,0.00538667198,-0.0121193752,-0.0269897506,1,1,1,1,0,1
ep_0013,41,0.0152043514,0.0922553465,0.049903661,0,0.00620374829,0.0143521279,-0.0132138804,0,1,1,1,1,1
ep_0014,0,0.183011472,0.199938461,0.344873607,0,0,0,0,0,1,0,0,0,0
ep_0014,1,0.160193533,0.194351763,0.333040863,0,-0.0228179395,-0.00558669865,-0.0118327439,0,1,0,0,0,0
ep_0014,2,0.154956117,0.187455714,0.326875567,0,-0.00523741543,-0.00689604878,-0.00616529584,0,1,0,0,0,0
ep_0014,3,0.139594346,0.187761068,0.298178822,0,-0.015361771,0.000305354595,-0.0286967456,0,1,0,0,0,0
ep_0014,4,0.125666112,0.182687253,0.289327055,0,-0.0139282346,-0.00507381558,-0.00885176659,0,1,0,0,0,0
ep_0014,5,0.110953011,0.182134375,0.284850329,0,-0.0147131011,-0.000552877784,-0.00447672606,0,1,0,0,0,0
ep_0014,6,0.09551467,0.178453445,0.264526725,0,-0.0154383406,-0.00368092954,-0.0203236043,0,1,0,0,0,0
ep_0014,7,0.0924915969,0.176092967,0.250053585,0,-0.00302307308,-0.00236047804,-0.0144731402,0,1,0,0,0,0
ep_0014,8,0.0736978948,0.180181712,0.238329262,0,-0.0187937021,0.00408874452,-0.011724323,0,1,0,0,0,0
ep_0014,9,0.0562554896,0.175104231,0.225567907,0,-0.0174424052,-0.00507748127,-0.0127613544,0,1,0,0,0,0
ep_0014,10,0.0479640588,0.173704907,0.217223242,0,-0.00829143077,-0.00139932334,-0.00834466517,0,1,0,0,0,0
ep_0014,11,0.0328153744,0.172074109,0.194361806,0,-0.0151486844,-0.00163079798,-0.022861436,0,1,1,0,0,0
ep_0014,12,0.0155710354,0.165882066,0.182294726,0,-0.017244339,-0.00619204342,-0.0120670795,0,1,1,0,0,0
ep_0014,13,0.0200202651,0.166713879,0.170633569,0,0.00444922969,0.00083181262,-0.011661157,0,1,1,0,0,0
ep_0014,14,0.0209517442,0.170751631,0.146713823,0,0.000931479037,0.00403775275,-0.0239197463,0,1,1,0,0,0
ep_0014,15,0.0250093788,0.173790768,0.131783321,0,0.00405763462,0.00303913653,-0.0149305016,0,1,1,0,0,0
ep_0014,16,0.0187901016,0.174227089,0.116295621,0,-0.00621927716,0.000436320901,-0.0154877007,0,1,1,0,0,0
ep_0014,17,0.0172271151,0.165966332,0.0950531512,0,-0.00156298652,-0.00826075673,-0.0212424695,0,1,1,0,0,0
ep_0014,18,0.0130719189,0.168954551,0.0786959827,0,-0.00415519625,0.00298821926,-0.0163571686,0,1,1,0,0,0
ep_0014,19,0.0139217535,0.17796509,0.0597105548,1,0.000849834643,0.00901053846,-0.0189854279,1,1,1,1,0,0
ep_0014,20,0.0148956934,0.170710087,0.0337990262,1,0.000973939896,-0.00725500286,-0.0259115286,1,1,1,1,0,0
ep_0014,21,0.00451287162,0.161012366,0.0431573875,1,-0.0103828218,-0.00969772041,0.00935836136,1,1,1,1,0,0
ep_0014,22,-0.0112457424,0.151362419,0.0747589022,1,-0.015758615,-0.00964994729,0.0316015147,1,1,1,1,0,0
ep_0014,23,-0.00974527374,0.151590377,0.0672779828,1,0.0015004687,0.000227957964,-0.00748091936,1,1,1,1,0,0
ep_0014,24,-0.0291146822,0.149043009,0.084737204,1,-0.0193694085,-0.00254736841,0.0174592212,1,1,1,1,0,0
ep_0014,25,-0.0491511673,0.141139239,0.0963132754,1,-0.020036485,-0.00790376961,0.0115760714,1,1,1,1,0,0
ep_0014,26,-0.0575769097,0.133284897,0.0988444239,1,-0.00842574239,-0.00785434246,0.00253114849,1,1,1,1,0,0
ep_0014,27,-0.0656917393,0.127013072,0.116604857,1,-0.00811482966,-0.00627182424,0.0177604333,1,1,1,1,0,0
ep_0014,28,-0.0760978311,0.11958003,0.134659469,1,-0.0104060918,-0.00743304193,0.018054612,1,1,1,1,0,0
ep_0014,29,-0.0868373737,0.127864271,0.140195966,1,-0.0107395425,0.00828424096,0.00553649664,1,1,1,1,0,0
ep_0014,30,-0.107664585,0.111055151,0.148978502,1,-0.0208272114,-0.0168091208,0.00878253579,1,1,1,1,0,0
ep_0014,31,-0.10197939,0.107967675,0.159032136,1,0.00568519533,-0.0030874759,0.0100536346,1,1,1,1,0,0
ep_0014,32,-0.122360401,0.104775555,0.173152745,1,-0.0203810111,-0.0031921193,0.0141206086,1,1,1,1,0,0
ep_0014,33,-0.130201787,0.103746481,0.17867583,1,-0.0078413859,-0.00102907419,0.00552308559,1,1,1,1,0,1
ep_0014,34,-0.144474089,0.088803485,0.192099765,1,-0.0142723024,-0.0149429962,0.0134239346,1,1,1,1,0,1
ep_0014,35,-0.141918153,0.0951227248,0.158470213,1,0.00255593657,0.00631923974,-0.0336295515,1,1,1,1,0,1
ep_0014,36,-0.153609753,0.0882235095,0.154963151,1,-0.0116916001,-0.00689921528,-0.00350706279,1,1,1,1,0,1
ep_0014,37,-0.143232062,0.0837251991,0.123694152,1,0.0103776902,-0.00449831039,-0.031268999,1,1,1,1,0,1
ep_0014,38,-0.140532926,0.0850497484,0.107600369,1,0.00269913673,0.00132454932,-0.0160937831,1,1,1,1,0,1
ep_0014,39,-0.146988332,0.0948485732,0.0837318003,1,-0.00645540655,0.00979882479,-0.0238685682,1,1,1,1,0,1
ep_0014,40,-0.13712433,0.0930695012,0.0677564889,1,0.00986400247,-0.00177907199,-0.0159753114,1,1,1,1,0,1
ep_0014,41,-0.138308465,0.0915194526,0.0399725437,0,-0.00118413568,-0.00155004859,-0.0277839452,0,1,1,1,1,1
ep_0015,0,-0.141322374,-0.202988103,0.239706174,0,0,0,0,0,1,0,0,0,0
ep_0015,1,-0.14154093,-0.192137331,0.234868914,0,-0.000218555331,0.0108507723,-0.00483725965,0,1,0,0,0,0
ep_0015,2,-0.143723935,-0.162891522,0.221987858,0,-0.00218300521,0.0292458087,-0.0128810555,0,1,0,0,0,0
ep_0015,3,-0.150814652,-0.149652973,0.222595498,0,-0.00709071755,0.0132385492,0.000607639551,0,1,0,0,0,0
ep_0015,4,-0.15210405,-0.119561806,0.211525261,0,-0.00128939748,0.0300911665,-0.0110702366,0,1,0,0,0,0
ep_0015,5,-0.147818163,-0.101691194,0.199011818,0,0.00428588688,0.0178706124,-0.0125134438,0,1,0,0,0,0
ep_0015,6,-0.15041627,-0.0846078917,0.197490811,0,-0.00259810686,0.0170833021,-0.00152100623,0,1,0,0,0,0
ep_0015,7,-0.150911823,-0.0680444762,0.185795397,0,-0.000495553017,0.0165634155,-0.0116954148,0,1,0,0,0,0
ep_0015,8,-0.158939347,-0.0381690525,0.181555852,0,-0.00802752376,0.0298754238,-0.00423954427,0,1,0,0,0,0
ep_0015,9,-0.157315344,-0.0103560472,0.173939571,0,0.00162400305,0.0278130062,-0.00761628151,0,1,0,0,0,0
ep_0015,10,-0.155405387,0.0108412048,0.161695197,0,0.00190995634,0.021197252,-0.0122443736,0,1,0,0,0,0
ep_0015,11,-0.162792757,0.0215327479,0.152478695,0,-0.00738736987,0.0106915431,-0.00921650231,0,1,1,0,0,0
ep_0015,12,-0.165863469,0.0495441519,0.155771777,0,-0.00307071209,0.028011404,0.00329308212,0,1,1,0,0,0
ep_0015,13,-0.159497634,0.0489092767,0.132672161,0,0.00636583567,-0.000634875149,-0.0230996162,0,1,1,0,0,0
ep_0015,14,-0.1556485,0.0425311029,0.115056679,0,0.00384913385,-0.00637817383,-0.0176154822,0,1,1,0,0,0
ep_0015,15,-0.161599055,0.0571778826,0.105911247,0,-0.00595055521,0.0146467797,-0.00914543122,0,1,1,0,0,0
ep_0015,16,-0.159307301,0.0509779342,0.0826403871,0,0.00229175389,-0.00619994849,-0.0232708603,0,1,1,0,0,0
ep_0015,17,-0.161755532,0.0517410487,0.0678668693,0,-0.00244823098,0.000763114542,-0.0147735178,0,1,1,0,0,0
ep_0015,18,-0.161564887,0.0430888273,0.0325431153,0,0.000190645456,-0.00865222141,-0.035323754,0,1,1,0,0,0
ep_0015,19,-0.167055666,0.0540883802,0.027654605,1,-0.00549077988,0.0109995529,-0.00488851033,1,1,1,1,0,0
ep_0015,20,-0.164770886,0.0505330712,0.0039941445,1,0.00228478014,-0.00355530903,-0.0236604605,1,1,1,1,0,0
ep_0015,21,-0.153495893,0.0457425341,0.0209795497,1,0.0112749934,-0.00479053706,0.0169854052,1,1,1,1,0,0
ep_0015,22,-0.144150108,0.0518699363,0.019560039,1,0.00934578478,0.00612740219,-0.00141951069,1,1,1,1,0,0
ep_0015,23,-0.127625823,0.0539654829,0.029768303,1,0.0165242851,0.00209554657,0.010208264,1,1,1,1,0,0
ep_0015,24,-0.126740605,0.0463269167,0.0399329402,1,0.000885218382,-0.0076385662,0.0101646371,1,1,1,1,0,0
ep_0015,25,-0.117943302,0.0589139163,0.0545989722,1,0.00879730284,0.0125869997,0.014666032,1,1,1,1,0,0
ep_0015,26,-0.105852306,0.0581678338,0.0677505583,1,0.0120909959,-0.000746082515,0.0131515861,1,1,1,1,0,0
ep_0015,27,-0.0965897143,0.0527820252,0.0820927694,1,0.0092625916,-0.00538580865,0.0143422112,1,1,1,1,0,0
ep_0015,28,-0.085198164,0.0636230931,0.0940889344,1,0.0113915503,0.0108410679,0.0119961649,1,1,1,1,0,0
ep_0015,29,-0.0819781125,0.0662750006,0.102339484,1,0.00322005153,0.0026519075,0.00825054944,1,1,1,1,0,0
ep_0015,30,-0.0636792183,0.0689353868,0.115465038,1,0.0182988942,0.00266038626,0.0131255537,1,1,1,1,0,0
ep_0015,31,-0.0649929866,0.0700170249,0.113454469,1,-0.00131376833,0.00108163804,-0.00201056898,1,1,1,1,0,0
ep_0015,32,-0.0545009188,0.0708206072,0.138280153,1,0.0104920678,0.00080358237,0.0248256847,1,1,1,1,0,0
ep_0015,33,-0.0489489771,0.0705606714,0.141925916,1,0.00555194169,-0.000259935856,0.0036457628,1,1,1,1,0,1
ep_0015,34,-0.0319008753,0.0729988739,0.153692856,1,0.0170481019,0.0024382025,0.0117669404,1,1,1,1,0,1
ep_0015,35,-0.0293472484,0.0635221899,0.13361831,1,0.00255362689,-0.00947668403,-0.0200745463,1,1,1,1,0,1
ep_0015,36,-0.0334485807,0.0742464215,0.104647882,1,-0.00410133228,0.0107242316,-0.0289704278,1,1,1,1,0,1
ep_0015,37,-0.0371037051,0.0750065893,0.0849390328,1,-0.00365512446,0.000760167837,-0.0197088495,1,1,1,1,0,1
ep_0015,38,-0.036185924,0.0741415247,0.0693875924,1,0.000917781144,-0.000865064561,-0.0155514404,1,1,1,1,0,1
ep_0015,39,-0.0341520458,0.0733859763,0.0493143238,1,0.00203387812,-0.000755548477,-0.0200732686,1,1,1,1,0,1
ep_0015,40,-0.0313926823,0.0686409399,0.0219892096,1,0.0027593635,-0.00474503636,-0.0273251142,1,1,1,1,0,1
ep_0015,41,-0.0318947062,0.0748462081,0.00083633326,0,-0.000502023846,0.0062052682,-0.0211528763,0,1,1,1,1,1
ep_0016,0,0.233571693,-0.173497722,0.28150326,0,0,0,0,0,1,0,0,0,0
ep_0016,1,0.205564722,-0.162840605,0.273336321,0,-0.0280069709,0.0106571168,-0.00816693902,0,1,0,0,0,0
ep_0016,2,0.186221242,-0.147877887,0.266490847,0,-0.0193434805,0.0149627179,-0.00684547424,0,1,0,0,0,0
ep_0016,3,0.179373473,-0.1404441,0.262408972,0,-0.00684776902,0.00743378699,-0.00408187509,0,1,0,0,0,0
ep_0016,4,0.14674221,-0.121255234,0.239592955,0,-0.0326312631,0.019188866,-0.0228160173,0,1,0,0,0,0
ep_0016,5,0.130396023,-0.10621962,0.230904147,0,-0.0163461864,0.0150356144,-0.00868880749,0,1,0,0,0,0
ep_0016,6,0.113967523,-0.0906170681,0.222092465,0,-0.0164285004,0.0156025514,-0.00881168246,0,1,0,0,0,0
ep_0016,7,0.0939187184,-0.0741356462,0.212589234,0,-0.0200488046,0.0164814219,-0.00950323045,0,1,0,0,0,0
ep_0016,8,0.0802813917,-0.0574351847,0.202576429,0,-0.0136373267,0.0167004615,-0.0100128055,0,1,0,0,0,0
ep_0016,9,0.0535665788,-0.0448250771,0.20034188,0,-0.026714813,0.0126101077,-0.00223454833,0,1,0,0,0,0
ep_0016,10,0.0364826769,-0.0364758186,0.188918471,0,-0.0170839019,0.00834925845,-0.011423409,0,1,0,0,0,0
ep_0016,11,0.0238808431,-0.0239039417,0.172735944,0,-0.0126018338,0.0125718769,-0.0161825269,0,1,1,0,0,0
ep_0016,12,-0.0052912524,-0.00606067339,0.167817682,0,-0.0291720964,0.0178432688,-0.00491826236,0,1,1,0,0,0
ep_0016,13,-0.00303336885,-0.0127474554,0.143180728,0,0.00225788355,-0.006686782,-0.0246369541,0,1,1,0,0,0
ep_0016,14,0.000251604943,-0.0114237452,0.120989606,0,0.00328497379,0.0013237102,-0.0221911222,0,1,1,0,0,0
ep_0016,15,0.00552853383,-0.0103877308,0.100342751,0,0.00527692866,0.00103601441,-0.0206468552,0,1,1,0,0,0
ep_0016,16,-0.000869637355,-0.010051853,0.092522271,0,-0.00639817119,0.000335877761,-0.00782047957,0,1,1,0,0,0
ep_0016,17,-0.00064065645,-0.0123964455,0.0667557567,0,0.000228980905,-0.00234459247,-0.0257665142,0,1,1,0,0,0
ep_0016,18,0.00180425716,-0.0116993664,0.0493926033,0,0.00244491361,0.000697079115,-0.0173631534,0,1,1,0,0,0
ep_0016,19,-0.0034876992,-0.00774575165,0.0354287736,1,-0.00529195648,0.00395361474,-0.0139638297,1,1,1,1,0,0
ep_0016,20,-0.00289048487,0.000145656988,0.00699988799,1,0.000597214326,0.0078914091,-0.0284288861,1,1,1,1,0,0
ep_0016,21,-0.0101714814,-0.00568174012,0.0250977986,1,-0.00728099653,-0.00582739711,0.018097911,1,1,1,1,0,0
ep_0016,22,-0.0299269855,-0.00734390225,0.0231733173,1,-0.019755505,-0.00166216213,-0.00192448124,1,1,1,1,0,0
ep_0016,23,-0.0552572832,0.00268253637,0.0411558114,1,-0.0253302976,0.0100264382,0.0179824941,1,1,1,1,0,0
ep_0016,24,-0.0529981852,0.00202250737,0.0513626114,1,0.00225909799,-0.000660029007,0.0102068,1,1,1,1,0,0
ep_0016,25,-0.0735632703,0.00307360687,0.0600212589,1,-0.0205650851,0.00105109951,0.00865864754,1,1,1,1,0,0
ep_0016,26,-0.084098272,0.00697066262,0.0823231563,1,-0.0105350018,0.00389705575,0.0223018974,1,1,1,1,0,0
ep_0016,27,-0.093890965,0.00635685911,0.0849012807,1,-0.00979269296,-0.00061380351,0.0025781244,1,1,1,1,0,0
ep_0016,28,-0.111377433,0.0099774804,0.104672484,1,-0.017486468,0.00362062128,0.0197712034,1,1,1,1,0,0
ep_0016,29,-0.122858599,0.0123101249,0.116896525,1,-0.0114811659,0.00233264454,0.0122240409,1,1,1,1,0,0
ep_0016,30,-0.137043685,0.00918635167,0.119830549,1,-0.0141850859,-0.00312377326,0.00293402374,1,1,1,1,0,0
ep_0016,31,-0.161020786,0.0182399377,0.125411138,1,-0.0239771008,0.00905358605,0.00558058918,1,1,1,1,0,0
ep_0016,32,-0.163505644,0.0155361937,0.143211678,1,-0.00248485804,-0.00270374399,0.0178005397,1,1,1,1,0,0
ep_0016,33,-0.184504658,0.0144603085,0.154928237,1,-0.0209990144,-0.00107588526,0.0117165595,1,1,1,1,0,1
ep_0016,34,-0.193636566,0.0216617361,0.166993707,1,-0.00913190842,0.00720142759,0.0120654702,1,1,1,1,0,1
ep_0016,35,-0.188800156,0.0214244891,0.142950177,1,0.00483641028,-0.000237246975,-0.0240435302,1,1,1,1,0,1
ep_0016,36,-0.195545927,0.0142768854,0.126281232,1,-0.00674577057,-0.00714760367,-0.0166689456,1,1,1,1,0,1
ep_0016,37,-0.196298912,0.0215001628,0.0963918492,1,-0.000752985477,0.00722327735,-0.0298893824,1,1,1,1,0,1
ep_0016,38,-0.187881261,0.0283384025,0.0733051151,1,0.00841765106,0.00683823973,-0.0230867341,1,1,1,1,0,1
ep_0016,39,-0.197994128,0.020068435,0.05649288,1,-0.0101128668,-0.00826996751,-0.0168122351,1,1,1,1,0,1
ep_0016,40,-0.196327373,0.0228955913,0.0380960517,1,0.00166675448,0.00282715634,-0.0183968283,1,1,1,1,0,1
ep_0016,41,-0.194733784,0.0138180796,0.018904075,0,0.00159358978,-0.00907751173,-0.0191919766,0,1,1,1,1,1
ep_0017,0,0.00471825665,0.118592627,0.36228326,0,0,0,0,0,1,0,0,0,0
ep_0017,1,-0.00229045399,0.12917009,0.334330738,0,-0.00700871088,0.0105774626,-0.027952522,0,1,0,0,0,0
ep_0017,2,-0.0143125877,0.136982888,0.324307263,0,-0.0120221339,0.00781279802,-0.0100234747,0,1,0,0,0,0
ep_0017,3,-0.0299692359,0.140884683,0.302636027,0,-0.0156566482,0.00390179455,-0.0216712356,0,1,0,0,0,0
ep_0017,4,-0.0275409743,0.141110212,0.294742495,0,0.00242826156,0.000225529075,-0.00789353251,0,1,0,0,0,0
ep_0017,5,-0.0419598892,0.14959316,0.270939142,0,-0.0144189149,0.00848294795,-0.0238033533,0,1,0,0,0,0
ep_0017,6,-0.0495060869,0.153209865,0.264600366,0,-0.00754619762,0.00361670554,-0.00633877516,0,1,0,0,0,0
ep_0017,7,-0.0638309345,0.152718171,0.239284649,0,-0.0143248476,-0.000491693616,-0.0253157169,0,1,0,0,0,0
ep_0017,8,-0.0695646182,0.1542276,0.225845933,0,-0.00573368371,0.00150942802,-0.0134387165,0,1,0,0,0,0
ep_0017,9,-0.0878871828,0.164467767,0.219195634,0,-0.0183225647,0.0102401674,-0.00665029883,0,1,0,0,0,0
ep_0017,10,-0.0912696645,0.165661797,0.195955783,0,-0.00338248163,0.00119403005,-0.023239851,0,1,0,0,0,0
ep_0017,11,-0.100834981,0.16744718,0.184849024,0,-0.00956531614,0.00178538263,-0.0111067593,0,1,1,0,0,0
ep_0017,12,-0.110642783,0.177189887,0.16224587,0,-0.00980780274,0.00974270701,-0.0226031542,0,1,1,0,0,0
ep_0017,13,-0.109897144,0.170804173,0.145960882,0,0.000745639205,-0.00638571382,-0.0162849873,0,1,1,0,0,0
ep_0017,14,-0.108575478,0.180128828,0.121193245,0,0.00132166594,0.00932465494,-0.0247676373,0,1,1,0,0,0
ep_0017,15,-0.111847021,0.179768682,0.104714423,0,-0.00327154249,-0.000360146165,-0.0164788216,0,1,1,0,0,0
ep_0017,16,-0.113747813,0.173856929,0.0851054639,0,-0.00190079212,-0.00591175258,-0.0196089596,0,1,1,0,0,0
ep_0017,17,-0.121810094,0.175280556,0.0623260997,0,-0.00806228071,0.00142362714,-0.0227793641,0,1,1,0,0,0
ep_0017,18,-0.112212561,0.181525618,0.047185,0,0.00959753245,0.00624506176,-0.0151410997,0,1,1,0,0,0
ep_0017,19,-0.112676181,0.177356362,0.0264907368,1,-0.000463619828,-0.0041692555,-0.0206942633,1,1,1,1,0,0
ep_0017,20,-0.115493611,0.174765229,0.0145274159,1,-0.0028174296,-0.00259113312,-0.0119633209,1,1,1,1,0,0
ep_0017,21,-0.0994524509,0.163733423,0.0222091209,1,0.0160411596,-0.0110318065,0.00768170506,1,1,1,1,0,0
ep_0017,22,-0.0952666178,0.158173457,0.0311446898,1,0.00418583304,-0.00555996597,0.00893556885,1,1,1,1,0,0
ep_0017,23,-0.0819104388,0.140374526,0.0535250157,1,0.013356179,-0.0177989304,0.0223803259,1,1,1,1,0,0
ep_0017,24,-0.0737685412,0.13084507,0.0574310645,1,0.00814189762,-0.0095294565,0.00390604883,1,1,1,1,0,0
ep_0017,25,-0.0728276148,0.128679886,0.0730916262,1,0.000940926373,-0.00216518342,0.0156605616,1,1,1,1,0,0
ep_0017,26,-0.0516245998,0.113912895,0.0914685056,1,0.021203015,-0.0147669911,0.0183768794,1,1,1,1,0,0
ep_0017,27,-0.0499910191,0.107577585,0.10185501,1,0.00163358077,-0.00633531064,0.0103865042,1,1,1,1,0,0
ep_0017,28,-0.0410231315,0.0972278267,0.110100485,1,0.00896788761,-0.010349758,0.00824547559,1,1,1,1,0,0
ep_0017,29,-0.0320316218,0.0816024989,0.122665733,1,0.00899150968,-0.0156253278,0.0125652477,1,1,1,1,0,0
ep_0017,30,-0.0265261717,0.0694920644,0.143038839,1,0.00550545007,-0.0121104345,0.020373106,1,1,1,1,0,0
ep_0017,31,-0.00312198419,0.0719939172,0.148627654,1,0.0234041885,0.00250185281,0.00558881462,1,1,1,1,0,0
ep_0017,32,0.00230421475,0.055247847,0.165699214,1,0.00542619918,-0.0167460702,0.01707156,1,1,1,1,0,0
ep_0017,33,0.0152948052,0.043887835,0.185274184,1,0.0129905902,-0.011360012,0.01957497,1,1,1,1,0,1
ep_0017,34,0.0136524476,0.0401498526,0.198129177,1,-0.00164235756,-0.00373798236,0.0128549933,1,1,1,1,0,1
ep_0017,35,0.0190172251,0.0407902487,0.168878436,1,0.00536477752,0.000640396029,-0.029250741,1,1,1,1,0,1
ep_0017,36,0.0164925884,0.0392193608,0.147602499,1,-0.00252463669,-0.00157088786,-0.0212759376,1,1,1,1,0,1
ep_0017,37,0.0132430103,0.0345362276,0.123190127,1,-0.00324957818,-0.00468313321,-0.0244123712,1,1,1,1,0,1
ep_0017,38,0.0145768374,0.0355538465,0.11308188,1,0.00133382715,0.00101761892,-0.0101082474,1,1,1,1,0,1
ep_0017,39,0.0178921875,0.0314304829,0.0775081441,1,0.00331535004,-0.00412336364,-0.0355737358,1,1,1,1,0,1
ep_0017,40,0.0179029144,0.0341786295,0.0622734167,1,1.07269734e-05,0.00274814665,-0.0152347274,1,1,1,1,0,1
ep_0017,41,0.0172360782,0.0389752574,0.0358825698,0,-0.000666836277,0.00479662791,-0.0263908468,0,1,1,1,1,1
ep_0018,0,-0.0389768295,0.0495764948,0.316236258,0,0,0,0,0,1,0,0,0,0
ep_0018,1,-0.0384622291,0.0265913717,0.305947006,0,0.000514600426,-0.0229851231,-0.0102892518,0,1,0,0,0,0
ep_0018,2,-0.034051206,0.0109673487,0.293135792,0,0.00441102311,-0.015624023,-0.0128112137,0,1,0,0,0,0
ep_0018,3,-0.0279734321,-0.00651562773,0.277476221,0,0.00607777387,-0.0174829774,-0.0156595707,0,1,0,0,0,0
ep_0018,4,-0.0291539337,-0.0289857164,0.270918131,0,-0.00118050165,-0.0224700887,-0.00655809045,0,1,0,0,0,0
ep_0018,5,-0.018167831,-0.0452003479,0.254044831,0,0.0109861027,-0.0162146315,-0.0168733001,0,1,0,0,0,0
ep_0018,6,-0.0201913957,-0.0602823384,0.237513885,0,-0.00202356465,-0.0150819905,-0.0165309459,0,1,0,0,0,0
ep_0018,7,-0.0113891494,-0.0714525804,0.230083957,0,0.0088022463,-0.011170242,-0.00742992759,0,1,0,0,0,0
ep_0018,8,-0.00449058414,-0.100984789,0.21194616,0,0.00689856522,-0.029532209,-0.0181377977,0,1,0,0,0,0
ep_0018,9,-0.013861699,-0.122787476,0.202484876,0,-0.00937111489,-0.0218026862,-0.00946128368,0,1,0,0,0,0
ep_0018,10,-0.00818228628,-0.131962061,0.182530135,0,0.00567941274,-0.00917458534,-0.019954741,0,1,0,0,0,0
ep_0018,11,-0.00273127668,-0.158204779,0.171180025,0,0.00545100961,-0.0262427181,-0.0113501102,0,1,1,0,0,0
ep_0018,12,0.00787298381,-0.172428265,0.168125838,0,0.0106042605,-0.0142234862,-0.0030541867,0,1,1,0,0,0
ep_0018,13,0.00284043653,-0.169740975,0.136965677,0,-0.00503254728,0.00268729031,-0.0311601609,0,1,1,0,0,0
ep_0018,14,0.00529192574,-0.171609387,0.11689157,0,0.00245148921,-0.0018684119,-0.0200741068,0,1,1,0,0,0
ep_0018,15,0.011217,-0.170793533,0.0942571014,0,0.00592507422,0.000815853477,-0.022634469,0,1,1,0,0,0
ep_0018,16,0.0116204806,-0.172080517,0.0872770622,0,0.000403480604,-0.00128698349,-0.00698003918,0,1,1,0,0,0
ep_0018,17,0.00842249952,-0.186139941,0.0658818856,0,-0.00319798104,-0.0140594244,-0.0213951766,0,1,1,0,0,0
ep_0018,18,0.00573911937,-0.171049729,0.0457106791,0,-0.00268338015,0.0150902122,-0.0201712064,0,1,1,0,0,0
ep_0018,19,0.00487837847,-0.173748329,0.0278862529,1,-0.000860740896,-0.00269860029,-0.0178244263,1,1,1,1,0,0
ep_0018,20,0.0090958057,-0.180147588,0.00699779112,1,0.00421742722,-0.00639925897,-0.0208884627,1,1,1,1,0,0
ep_0018,21,0.014248143,-0.15580596,0.023917323,1,0.00515233725,0.024341628,0.0169195309,1,1,1,1,0,0
ep_0018,22,0.0178844258,-0.138818756,0.0330993272,1,0.00363628287,0.0169872046,0.00918200426,1,1,1,1,0,0
ep_0018,23,0.0189025365,-0.11864768,0.04049531,1,0.00101811066,0.0201710761,0.00739598274,1,1,1,1,0,0
ep_0018,24,0.0283841006,-0.101467535,0.0555525869,1,0.00948156416,0.0171801448,0.0150572769,1,1,1,1,0,0
ep_0018,25,0.0269107912,-0.0846018568,0.0672991648,1,-0.00147330947,0.0168656781,0.0117465779,1,1,1,1,0,0
ep_0018,26,0.0322951637,-0.0606548861,0.0788494945,1,0.00538437255,0.0239469707,0.0115503296,1,1,1,1,0,0
ep_0018,27,0.0387120917,-0.0571824275,0.0906658992,1,0.00641692802,0.00347245857,0.0118164048,1,1,1,1,0,0
ep_0018,28,0.045808129,-0.0293606445,0.10705258,1,0.00709603727,0.027821783,0.0163866803,1,1,1,1,0,0
ep_0018,29,0.0491394736,-0.0191991329,0.109206125,1,0.00333134457,0.0101615116,0.00215354562,1,1,1,1,0,0
ep_0018,30,0.0601925999,0.0035882839,0.12295302,1,0.0110531263,0.0227874164,0.0137468949,1,1,1,1,0,0
ep_0018,31,0.055931896,0.0192209836,0.139717728,1,-0.00426070392,0.0156327002,0.0167647079,1,1,1,1,0,0
ep_0018,32,0.0665844008,0.0282304063,0.15877004,1,0.0106525049,0.00900942273,0.0190523118,1,1,1,1,0,0
ep_0018,33,0.0758735612,0.0515237115,0.163906842,1,0.00928916037,0.0232933052,0.00513680279,1,1,1,1,0,1
ep_0018,34,0.0753799602,0.0737752318,0.173074886,1,-0.000493600965,0.0222515203,0.00916804373,1,1,1,1,0,1
ep_0018,35,0.0674913004,0.0696737319,0.142901182,1,-0.00788865983,-0.00410149992,-0.030173704,1,1,1,1,0,1
ep_0018,36,0.0728425086,0.0720412657,0.134317562,1,0.00535120815,0.00236753374,-0.00858362019,1,1,1,1,0,1
ep_0018,37,0.0772955418,0.070094794,0.0996477529,1,0.00445303321,-0.00194647163,-0.034669809,1,1,1,1,0,1
ep_0018,38,0.0777845383,0.0766957104,0.0919621885,1,0.000488996506,0.00660091639,-0.00768556446,1,1,1,1,0,1
ep_0018,39,0.0756690502,0.0724774748,0.0613178015,1,-0.00211548805,-0.00421823561,-0.030644387,1,1,1,1,0,1
ep_0018,40,0.0786957294,0.0727845654,0.0466960482,1,0.00302667916,0.00030709058,-0.0146217532,1,1,1,1,0,1
ep_0018,41,0.0789948106,0.0715108216,0.0204071607,0,0.000299081206,-0.00127374381,-0.0262888875,0,1,1,1,1,1
ep_0019,0,0.112262078,-0.193832681,0.361653775,0,0,0,0,0,1,0,0,0,0
ep_0019,1,0.107239865,-0.159739926,0.351147741,0,-0.00502221286,0.0340927541,-0.0105060339,0,1,0,0,0,0
ep_0019,2,0.103438556,-0.131035209,0.328656048,0,-0.00380130857,0.0287047178,-0.0224916935,0,1,0,0,0,0
ep_0019,3,0.10316626,-0.108829454,0.329350442,0,-0.000272296369,0.0222057551,0.000694394112,0,1,0,0,0,0
ep_0019,4,0.103102095,-0.0785944089,0.304442167,0,-6.41644001e-05,0.0302350447,-0.0249082744,0,1,0,0,0,0
ep_0019,5,0.0855403543,-0.0529556386,0.29223603,0,-0.0175617412,0.0256387703,-0.0122061372,0,1,0,0,0,0
ep_0019,6,0.0907122418,-0.0342919827,0.270929843,0,0.00517188758,0.018663656,-0.0213061869,0,1,0,0,0,0
ep_0019,7,0.080989629,0.00128235784,0.263202071,0,-0.0097226128,0.0355743393,-0.007727772,0,1,0,0,0,0
ep_0019,8,0.0749555528,0.0217337385,0.256190389,0,-0.00603407621,0.0204513799,-0.0070116818,0,1,0,0,0,0
ep_0019,9,0.0747739896,0.0449602529,0.240414381,0,-0.000181563199,0.0232265145,-0.0157760084,0,1,0,0,0,0
ep_0019,10,0.0666190982,0.0783035532,0.224505827,0,-0.00815489143,0.0333433002,-0.0159085542,0,1,0,0,0,0
ep_0019,11,0.0626832545,0.111518152,0.20468083,0,-0.00393584371,0.0332145989,-0.0198249966,0,1,1,0,0,0
ep_0019,12,0.0550894924,0.127982363,0.204670593,0,-0.00759376213,0.016464211,-1.02370977e-05,0,1,1,0,0,0
ep_0019,13,0.0557506382,0.127736732,0.178759292,0,0.000661145896,-0.000245630741,-0.0259113014,0,1,1,0,0,0
ep_0019,14,0.0547796078,0.128227919,0.164688453,0,-0.000971030444,0.000491186976,-0.0140708387,0,1,1,0,0,0
ep_0019,15,0.0652622432,0.122887693,0.149941459,0,0.0104826353,-0.00534022599,-0.0147469938,0,1,1,0,0,0
ep_0019,16,0.0610357448,0.131577179,0.1343095,0,-0.00422649831,0.00868948549,-0.0156319588,0,1,1,0,0,0
ep_0019,17,0.0551976115,0.128111094,0.108258955,0,-0.00583813339,-0.0034660846,-0.0260505453,0,1,1,0,0,0
ep_0019,18,0.0566935204,0.134862766,0.0786883384,0,0.00149590895,0.00675167143,-0.0295706168,0,1,1,0,0,0
ep_0019,19,0.049878329,0.133620054,0.0625699982,1,-0.00681519136,-0.00124271214,-0.0161183402,1,1,1,1,0,0
ep_0019,20,0.0597803779,0.130859613,0.0617681742,1,0.00990204886,-0.00276044011,-0.000801824033,1,1,1,1,0,0
ep_0019,21,0.0626888871,0.13241148,0.0648334548,1,0.00290850922,0.00155186653,0.00306528062,1,1,1,1,0,0
ep_0019,22,0.0624077506,0.121300094,0.0729691014,1,-0.000281136483,-0.0111113861,0.00813564658,1,1,1,1,0,0
ep_0019,23,0.0737322867,0.132567957,0.0747783482,1,0.0113245361,0.0112678632,0.00180924684,1,1,1,1,0,0
ep_0019,24,0.0841415823,0.138954595,0.0848150924,1,0.0104092956,0.00638663769,0.0100367442,1,1,1,1,0,0
ep_0019,25,0.0853411257,0.143481955,0.101651996,1,0.00119954348,0.0045273602,0.016836904,1,1,1,1,0,0
ep_0019,26,0.0942685381,0.142738625,0.10657876,1,0.00892741233,-0.000743329525,0.00492676347,1,1,1,1,0,0
ep_0019,27,0.0989505425,0.14792113,0.117237031,1,0.00468200445,0.00518250465,0.0106582716,1,1,1,1,0,0
ep_0019,28,0.109017454,0.143280953,0.130819023,1,0.0100669116,-0.00464017689,0.0135819912,1,1,1,1,0,0
ep_0019,29,0.113814399,0.149581641,0.143928647,1,0.00479694456,0.00630068779,0.0131096244,1,1,1,1,0,0
ep_0019,30,0.114205822,0.152791724,0.148929074,1,0.000391423702,0.00321008265,0.00500042737,1,1,1,1,0,0
ep_0019,31,0.12236511,0.146544918,0.155643478,1,0.00815928727,-0.00624680519,0.00671440363,1,1,1,1,0,0
ep_0019,32,0.131119952,0.152292341,0.168576032,1,0.00875484198,0.00574742258,0.0129325539,1,1,1,1,0,0
ep_0019,33,0.140780464,0.156683341,0.182451844,1,0.00966051221,0.00439099967,0.0138758123,1,1,1,1,0,1
ep_0019,34,0.145927981,0.162625089,0.188819826,1,0.00514751673,0.00594174862,0.00636798143,1,1,1,1,0,1
ep_0019,35,0.146239623,0.153476283,0.16580838,1,0.000311642885,-0.00914880633,-0.023011446,1,1,1,1,0,1
ep_0019,36,0.14276132,0.161689892,0.143006012,1,-0.00347830355,0.00821360946,-0.0228023678,1,1,1,1,0,1
ep_0019,37,0.143377572,0.151015639,0.125609696,1,0.000616252422,-0.0106742531,-0.0173963159,1,1,1,1,0,1
ep_0019,38,0.146326676,0.159500107,0.0974413306,1,0.00294910371,0.00848446786,-0.0281683654,1,1,1,1,0,1
ep_0019,39,0.14417392,0.158212006,0.0734448135,1,-0.00215275586,-0.00128810108,-0.0239965171,1,1,1,1,0,1
ep_0019,40,0.143230021,0.159524918,0.0539141223,1,-0.000943899155,0.00131291151,-0.0195306912,1,1,1,1,0,1
ep_0019,41,0.139596254,0.14920114,0.0318645872,0,-0.00363376737,-0.0103237778,-0.0220495351,0,1,1,1,1,1
ep_0020,0,0.199598521,0.0469965711,0.381225944,0,0,0,0,0,1,0,0,0,0
ep_0020,1,0.17414616,0.0261925701,0.356450588,0,-0.0254523605,-0.020804001,-0.0247753561,0,1,0,0,0,0
ep_0020,2,0.14903149,0.00955707021,0.338628709,0,-0.0251146704,-0.0166354999,-0.0178218782,0,1,0,0,0,0
ep_0020,3,0.129764885,0.00767732318,0.324743629,0,-0.0192666054,-0.00187974703,-0.0138850808,0,1,0,0,0,0
ep_0020,4,0.105084732,-0.00658262428,0.305273265,0,-0.0246801525,-0.0142599475,-0.0194703639,0,1,0,0,0,0
ep_0020,5,0.0813100189,-0.012989834,0.296060592,0,-0.0237747133,-0.00640720967,-0.00921267271,0,1,0,0,0,0
ep_0020,6,0.062545009,-0.0309669767,0.275230497,0,-0.0187650099,-0.0179771427,-0.0208300948,0,1,0,0,0,0
ep_0020,7,0.0331778415,-0.0505338199,0.258096039,0,-0.0293671675,-0.0195668433,-0.0171344578,0,1,0,0,0,0
ep_0020,8,0.0155459661,-0.0544794761,0.250229418,0,-0.0176318754,-0.00394565612,-0.00786662102,0,1,0,0,0,0
ep_0020,9,-0.0190555248,-0.050944373,0.227030531,0,-0.0346014909,0.00353510305,-0.0231988877,0,1,0,0,0,0
ep_0020,10,-0.0313465856,-0.0713309199,0.205886289,0,-0.0122910608,-0.0203865469,-0.0211442411,0,1,0,0,0,0
ep_0020,11,-0.0544300862,-0.0813207403,0.195641369,0,-0.0230835006,-0.00998982042,-0.0102449208,0,1,1,0,0,0
ep_0020,12,-0.080261834,-0.0874148682,0.174676806,0,-0.0258317478,-0.00609412789,-0.0209645629,0,1,1,0,0,0
ep_0020,13,-0.0791059211,-0.0946079418,0.16450265,0,0.00115591288,-0.00719307363,-0.0101741552,0,1,1,0,0,0
ep_0020,14,-0.0748398826,-0.104815505,0.140594855,0,0.00426603854,-0.0102075636,-0.0239077955,0,1,1,0,0,0
ep_0020,15,-0.0773985833,-0.0929820687,0.12554729,0,-0.00255870074,0.0118334368,-0.0150475651,0,1,1,0,0,0
ep_0020,16,-0.0774419904,-0.0983697325,0.105518624,0,-4.34070826e-05,-0.00538766384,-0.0200286657,0,1,1,0,0,0
ep_0020,17,-0.0846418515,-0.0986109823,0.0865444914,0,-0.00719986111,-0.0002412498,-0.0189741328,0,1,1,0,0,0
ep_0020,18,-0.0812053233,-0.097996369,0.0718894824,0,0.00343652815,0.000614613295,-0.0146550089,0,1,1,0,0,0
ep_0020,19,-0.0776773766,-0.0984741524,0.0554866605,1,0.00352794677,-0.000477783382,-0.016402822,1,1,1,1,0,0
ep_0020,20,-0.0821048915,-0.0956772938,0.0273558497,1,-0.00442751497,0.00279685855,-0.0281308107,1,1,1,1,0,0
ep_0020,21,-0.0644641519,-0.0958495438,0.0452236831,1,0.0176407397,-0.000172249973,0.0178678334,1,1,1,1,0,0
ep_0020,22,-0.0403922871,-0.102099545,0.0553513989,1,0.0240718648,-0.00625000149,0.0101277158,1,1,1,1,0,0
ep_0020,23,-0.0283027384,-0.101917572,0.0650699064,1,0.0120895486,0.00018197298,0.00971850753,1,1,1,1,0,0
ep_0020,24,-0.00245148595,-0.109631404,0.0838017315,1,0.0258512534,-0.00771383196,0.0187318251,1,1,1,1,0,0
ep_0020,25,0.0152076948,-0.105256297,0.0935838819,1,0.0176591799,0.00437510759,0.00978215039,1,1,1,1,0,0
ep_0020,26,0.0263903458,-0.106297709,0.0994626358,1,0.0111826509,-0.00104141235,0.00587875396,1,1,1,1,0,0
ep_0020,27,0.0533918887,-0.111154474,0.111031845,1,0.027001543,-0.00485676527,0.0115692094,1,1,1,1,0,0
ep_0020,28,0.0637333989,-0.111413695,0.12384975,1,0.0103415102,-0.0002592206,0.0128179044,1,1,1,1,0,0
ep_0020,29,0.0828976631,-0.118047446,0.135494575,1,0.0191642642,-0.00663375109,0.0116448253,1,1,1,1,0,0
ep_0020,30,0.105523191,-0.120481364,0.153401464,1,0.0226255283,-0.00243391842,0.0179068893,1,1,1,1,0,0
ep_0020,31,0.126453623,-0.128806293,0.159335762,1,0.0209304318,-0.00832492858,0.00593429804,1,1,1,1,0,0
ep_0020,32,0.134557143,-0.128131241,0.162679359,1,0.00810351968,0.000675052404,0.00334359705,1,1,1,1,0,0
ep_0020,33,0.157953218,-0.134572491,0.186866239,1,0.0233960748,-0.00644125044,0.0241868794,1,1,1,1,0,1
ep_0020,34,0.168596908,-0.135931253,0.19251588,1,0.0106436908,-0.00135876238,0.00564964116,1,1,1,1,0,1
ep_0020,35,0.178569227,-0.145776063,0.174032897,1,0.00997231901,-0.00984480977,-0.0184829831,1,1,1,1,0,1
ep_0020,36,0.177544028,-0.134802774,0.156893209,1,-0.00102519989,0.0109732896,-0.0171396881,1,1,1,1,0,1
ep_0020,37,0.178415224,-0.142561793,0.13459073,1,0.000871196389,-0.00775901973,-0.0223024786,1,1,1,1,0,1
ep_0020,38,0.178661793,-0.136335507,0.118340954,1,0.000246569514,0.00622628629,-0.0162497759,1,1,1,1,0,1
ep_0020,39,0.173443109,-0.143151954,0.096352458,1,-0.00521868467,-0.00681644678,-0.0219884962,1,1,1,1,0,1
ep_0020,40,0.172497764,-0.138085753,0.0652820766,1,-0.000945344567,0.00506620109,-0.0310703814,1,1,1,1,0,1
ep_0020,41,0.17871353,-0.136962831,0.051404722,0,0.00621576607,0.00112292171,-0.0138773546,0,1,1,1,1,1
ep_0021,0,0.0965188518,0.256670237,0.340042412,0,0,0,0,0,1,0,0,0,0
ep_0021,1,0.0876154825,0.217921212,0.328218549,0,-0.00890336931,-0.0387490243,-0.0118238628,0,1,0,0,0,0
ep_0021,2,0.0816425309,0.194151357,0.311789632,0,-0.00597295165,-0.0237698555,-0.0164289176,0,1,0,0,0,0
ep_0021,3,0.0783657134,0.160016164,0.302443087,0,-0.0032768175,-0.0341351926,-0.00934654474,0,1,0,0,0,0
ep_0021,4,0.076948911,0.110299498,0.287455827,0,-0.00141680241,-0.0497166663,-0.0149872601,0,1,0,0,0,0
ep_0021,5,0.0705979243,0.0815879032,0.273783147,0,-0.00635098666,-0.0287115946,-0.0136726797,0,1,0,0,0,0
ep_0021,6,0.0709060282,0.0483698919,0.258183628,0,0.000308103859,-0.0332180113,-0.015599519,0,1,0,0,0,0
ep_0021,7,0.0641981736,0.00801695976,0.249531314,0,-0.00670785457,-0.0403529331,-0.00865231454,0,1,0,0,0,0
ep_0021,8,0.0594838187,-0.0285219979,0.238630608,0,-0.00471435487,-0.0365389585,-0.0109007061,0,1,0,0,0,0
ep_0021,9,0.0514263995,-0.0655747131,0.216725767,0,-0.00805741921,-0.0370527133,-0.0219048411,0,1,0,0,0,0
ep_0021,10,0.0525271967,-0.0930599272,0.200300932,0,0.00110079721,-0.0274852142,-0.0164248347,0,1,0,0,0,0
ep_0021,11,0.0515358523,-0.134534091,0.18306379,0,-0.000991344452,-0.0414741635,-0.0172371417,0,1,1,0,0,0
ep_0021,12,0.0473586544,-0.169818237,0.177920073,0,-0.00417719781,-0.0352841467,-0.00514371693,0,1,1,0,0,0
ep_0021,13,0.0452107452,-0.170865119,0.159274846,0,-0.00214790925,-0.00104688108,-0.018645227,0,1,1,0,0,0
ep_0021,14,0.0467231944,-0.172980577,0.145974085,0,0.00151244923,-0.00211545825,-0.0133007616,0,1,1,0,0,0
ep_0021,15,0.0459802598,-0.167895243,0.122156598,0,-0.000742934644,0.00508533418,-0.0238174871,0,1,1,0,0,0
ep_0021,16,0.0403283611,-0.161765337,0.102188982,0,-0.00565189868,0.00612990558,-0.0199676156,0,1,1,0,0,0
ep_0021,17,0.0426999591,-0.171960637,0.0834937766,0,0.00237159804,-0.0101953,-0.0186952055,0,1,1,0,0,0
ep_0021,18,0.0500212647,-0.174212083,0.0588228256,0,0.00732130557,-0.00225144625,-0.0246709511,0,1,1,0,0,0
ep_0021,19,0.04363757,-0.159453079,0.037346296,1,-0.00638369471,0.0147590041,-0.0214765295,1,1,1,1,0,0
ep_0021,20,0.0419246592,-0.174702793,0.0256184023,1,-0.00171291083,-0.0152497143,-0.0117278937,1,1,1,1,0,0
ep_0021,21,0.0288569983,-0.16612871,0.030812636,1,-0.0130676609,0.00857408345,0.00519423373,1,1,1,1,0,0
ep_0021,22,0.0102255503,-0.169275656,0.0438040197,1,-0.0186314471,-0.00314694643,0.0129913837,1,1,1,1,0,0
ep_0021,23,0.00177165447,-0.169462547,0.0547727719,1,-0.00845389627,-0.000186890364,0.0109687522,1,1,1,1,0,0
ep_0021,24,-0.0128735853,-0.177315816,0.0631342381,1,-0.0146452393,-0.00785326958,0.00836146623,1,1,1,1,0,0
ep_0021,25,-0.0375721678,-0.1715772,0.0809390694,1,-0.0246985815,0.00573861599,0.0178048313,1,1,1,1,0,0
ep_0021,26,-0.0514850616,-0.181316137,0.0828861818,1,-0.0139128938,-0.00973893702,0.00194711238,1,1,1,1,0,0
ep_0021,27,-0.0623607188,-0.179835215,0.0955669209,1,-0.0108756572,0.0014809221,0.0126807392,1,1,1,1,0,0
ep_0021,28,-0.079891786,-0.183212385,0.0932718366,1,-0.0175310671,-0.00337716937,-0.0022950843,1,1,1,1,0,0
ep_0021,29,-0.0961069688,-0.181216851,0.109600209,1,-0.0162151828,0.0019955337,0.0163283721,1,1,1,1,0,0
ep_0021,30,-0.109863773,-0.181077436,0.119244836,1,-0.0137568042,0.000139415264,0.00964462757,1,1,1,1,0,0
ep_0021,31,-0.125697732,-0.181908265,0.126406938,1,-0.015833959,-0.000830829144,0.00716210157,1,1,1,1,0,0
ep_0021,32,-0.150653854,-0.183052689,0.141742229,1,-0.024956122,-0.00114442408,0.0153352916,1,1,1,1,0,0
ep_0021,33,-0.152503431,-0.194203541,0.148572043,1,-0.00184957683,-0.0111508518,0.00682981312,1,1,1,1,0,1
ep_0021,34,-0.174098596,-0.186297908,0.160241812,1,-0.0215951651,0.00790563226,0.0116697699,1,1,1,1,0,1
ep_0021,35,-0.17631197,-0.188370079,0.135384381,1,-0.00221337378,-0.00207217038,-0.0248574317,1,1,1,1,0,1
ep_0021,36,-0.16977109,-0.182958499,0.118183754,1,0.00654087961,0.0054115802,-0.0172006264,1,1,1,1,0,1
ep_0021,37,-0.168811798,-0.182821602,0.0999483466,1,0.000959292054,0.000136896968,-0.0182354078,1,1,1,1,0,1
ep_0021,38,-0.17300716,-0.192143619,0.0766547099,1,-0.00419536233,-0.00932201743,-0.0232936367,1,1,1,1,0,1
ep_0021,39,-0.172818959,-0.184290633,0.0555765815,1,0.000188201666,0.00785298645,-0.0210781284,1,1,1,1,0,1
ep_0021,40,-0.171831772,-0.188921958,0.0309623908,1,0.000987187028,-0.0046313256,-0.0246141907,1,1,1,1,0,1
ep_0021,41,-0.17146562,-0.188636139,0.0097596636,0,0.000366151333,0.000285819173,-0.0212027282,0,1,1,1,1,1
ep_0022,0,-0.245612606,0.00555007579,0.385622531,0,0,0,0,0,1,0,0,0,0
ep_0022,1,-0.222668231,0.0117560178,0.359610587,0,0.0229443759,0.00620594202,-0.0260119438,0,1,0,0,0,0
ep_0022,2,-0.201124638,0.0187830478,0.346358538,0,0.0215435922,0.00702702999,-0.0132520497,0,1,0,0,0,0
ep_0022,3,-0.185295925,0.0183989871,0.32761085,0,0.0158287138,-0.000384060666,-0.0187476873,0,1,0,0,0,0
ep_0022,4,-0.166366801,0.0220815372,0.303258777,0,0.0189291239,0.00368255004,-0.0243520737,0,1,0,0,0,0
ep_0022,5,-0.145039752,0.0245683379,0.291444242,0,0.0213270485,0.00248680077,-0.0118145347,0,1,0,0,0,0
ep_0022,6,-0.129272118,0.0293995906,0.270943046,0,0.0157676339,0.00483125262,-0.0205011964,0,1,0,0,0,0
ep_0022,7,-0.119107336,0.0361401364,0.251300454,0,0.0101647824,0.00674054585,-0.0196425915,0,1,0,0,0,0
ep_0022,8,-0.0935223773,0.0371378958,0.238967404,0,0.0255849585,0.000997759402,-0.0123330504,0,1,0,0,0,0
ep_0022,9,-0.0781943128,0.0517634302,0.229994491,0,0.0153280646,0.0146255344,-0.00897291303,0,1,0,0,0,0
ep_0022,10,-0.0550623313,0.0419329368,0.206606224,0,0.0231319815,-0.00983049348,-0.0233882666,0,1,0,0,0,0
ep_0022,11,-0.0446294621,0.0576495379,0.183475778,0,0.0104328692,0.0157166012,-0.0231304467,0,1,1,0,0,0
ep_0022,12,-0.0164496582,0.0529470593,0.175088376,0,0.0281798039,-0.00470247865,-0.0083874017,0,1,1,0,0,0
ep_0022,13,-0.0316758715,0.0661568716,0.150013059,0,-0.0152262133,0.0132098123,-0.0250753164,0,1,1,0,0,0
ep_0022,14,-0.0241296347,0.0545657203,0.128571436,0,0.00754623674,-0.0115911514,-0.0214416236,0,1,1,0,0,0
ep_0022,15,-0.0203958489,0.0596896559,0.104349069,0,0.00373378582,0.00512393564,-0.0242223665,0,1,1,0,0,0
ep_0022,16,-0.0194989331,0.0640795156,0.090791285,0,0.000896915793,0.00438985974,-0.0135577843,0,1,1,0,0,0
ep_0022,17,-0.0257142782,0.0580338389,0.0774180293,0,-0.00621534511,-0.00604567677,-0.0133732557,0,1,1,0,0,0
ep_0022,18,-0.0203928091,0.0583332404,0.0577679537,0,0.00532146916,0.000299401581,-0.0196500756,0,1,1,0,0,0
ep_0022,19,-0.0229448974,0.0554606393,0.0305368267,1,-0.00255208835,-0.00287260115,-0.027231127,1,1,1,1,0,0
ep_0022,20,-0.0242568161,0.0581998564,0.0105751157,1,-0.00131191872,0.00273921713,-0.019961711,1,1,1,1,0,0
ep_0022,21,-0.0312402453,0.0492304713,0.0277066231,1,-0.00698342919,-0.00896938518,0.0171315074,1,1,1,1,0,0
ep_0022,22,-0.0212626792,0.038451381,0.0406267159,1,0.00997756608,-0.0107790902,0.0129200928,1,1,1,1,0,0
ep_0022,23,-0.0246600881,0.0381151438,0.0532295704,1,-0.00339740887,-0.000336237252,0.0126028545,1,1,1,1,0,0
ep_0022,24,-0.0283203796,0.0260586422,0.0607544109,1,-0.00366029143,-0.0120565016,0.00752484053,1,1,1,1,0,0
ep_0022,25,-0.0261614341,0.0219017062,0.0660915598,1,0.00215894543,-0.00415693596,0.0053371489,1,1,1,1,0,0
ep_0022,26,-0.0334420167,0.0123229129,0.0823870376,1,-0.00728058256,-0.00957879331,0.0162954777,1,1,1,1,0,0
ep_0022,27,-0.0418339185,-0.00384566234,0.0933414996,1,-0.00839190185,-0.0161685757,0.010954462,1,1,1,1,0,0
ep_0022,28,-0.045165088,-0.00290226401,0.103776649,1,-0.00333116949,0.000943398336,0.0104351491,1,1,1,1,0,0
ep_0022,29,-0.0403214581,-0.0126609001,0.115823425,1,0.0048436299,-0.00975863636,0.0120467767,1,1,1,1,0,0
ep_0022,30,-0.0502112359,-0.0198958889,0.115974739,1,-0.00988977775,-0.00723498873,0.000151313841,1,1,1,1,0,0
ep_0022,31,-0.0517094843,-0.0356507078,0.128904581,1,-0.00149824843,-0.0157548189,0.0129298419,1,1,1,1,0,0
ep_0022,32,-0.0465435013,-0.041384507,0.133699253,1,0.00516598299,-0.00573379919,0.00479467213,1,1,1,1,0,0
ep_0022,33,-0.0511530638,-0.0446719564,0.147916839,1,-0.00460956246,-0.00328744948,0.0142175853,1,1,1,1,0,1
ep_0022,34,-0.0512116514,-0.050615631,0.162875146,1,-5.85876405e-05,-0.00594367459,0.0149583071,1,1,1,1,0,1
ep_0022,35,-0.0612316653,-0.0590305105,0.138208538,1,-0.0100200139,-0.00841487944,-0.0246666074,1,1,1,1,0,1
ep_0022,36,-0.0619590953,-0.0505069345,0.113854863,1,-0.000727429986,0.00852357596,-0.0243536755,1,1,1,1,0,1
ep_0022,37,-0.0607714355,-0.053413488,0.10149876,1,0.0011876598,-0.00290655345,-0.0123561025,1,1,1,1,0,1
ep_0022,38,-0.0566753633,-0.0509782173,0.0775632113,1,0.00409607217,0.0024352707,-0.023935549,1,1,1,1,0,1
ep_0022,39,-0.0586060695,-0.0499820486,0.0491588488,1,-0.0019307062,0.000996168703,-0.0284043625,1,1,1,1,0,1
ep_0022,40,-0.0558346622,-0.0580821596,0.0368414186,1,0.00277140737,-0.00810011104,-0.0123174302,1,1,1,1,0,1
ep_0022,41,-0.0649417192,-0.0567680448,0.0121419504,0,-0.00910705701,0.00131411478,-0.0246994682,0,1,1,1,1,1
ep_0023,0,0.219082758,0.0690032914,0.249230713,0,0,0,0,0,1,0,0,0,0
ep_0023,1,0.203407034,0.0629155636,0.245538592,0,-0.0156757236,-0.00608772784,-0.00369212031,0,1,0,0,0,0
ep_0023,2,0.198279172,0.0462604687,0.240757003,0,-0.0051278621,-0.0166550949,-0.00478158891,0,1,0,0,0,0
ep_0023,3,0.18183288,0.0366079025,0.224667996,0,-0.0164462924,-0.00965256616,-0.0160890073,0,1,0,0,0,0
ep_0023,4,0.168744877,0.0318787731,0.22065191,0,-0.0130880028,-0.00472912937,-0.00401608646,0,1,0,0,0,0
ep_0023,5,0.166631386,0.0185720362,0.227272421,0,-0.0021134913,-0.0133067369,0.00662051141,0,1,0,0,0,0
ep_0023,6,0.161612734,0.00739745609,0.206050888,0,-0.00501865149,-0.0111745801,-0.0212215334,0,1,0,0,0,0
ep_0023,7,0.147038668,0.000292618701,0.211552531,0,-0.0145740658,-0.00710483734,0.00550164282,0,1,0,0,0,0
ep_0023,8,0.135746703,-0.0112626413,0.207569316,0,-0.0112919658,-0.01155526,-0.0039832145,0,1,0,0,0,0
ep_0023,9,0.127255797,-0.021852266,0.201942682,0,-0.00849090517,-0.0105896248,-0.00562663376,0,1,0,0,0,0
ep_0023,10,0.121676289,-0.0304578021,0.193872198,0,-0.00557950884,-0.00860553607,-0.0080704838,0,1,0,0,0,0
ep_0023,11,0.109377511,-0.0346145704,0.183476955,0,-0.0122987777,-0.00415676832,-0.0103952438,0,1,1,0,0,0
ep_0023,12,0.109557018,-0.0540844612,0.173535287,0,0.000179506838,-0.0194698907,-0.00994166732,0,1,1,0,0,0
ep_0023,13,0.100289136,-0.0584344044,0.161063388,0,-0.00926788151,-0.00434994325,-0.0124718994,0,1,1,0,0,0
ep_0023,14,0.106308341,-0.0495390184,0.141969875,0,0.00601920485,0.00889538601,-0.0190935135,0,1,1,0,0,0
ep_0023,15,0.10854727,-0.0465496108,0.132057369,0,0.00223892927,0.00298940763,-0.00991250575,0,1,1,0,0,0
ep_0023,16,0.101066366,-0.0544630587,0.107713193,0,-0.00748090446,-0.00791344792,-0.0243441761,0,1,1,0,0,0
ep_0023,17,0.106331594,-0.0440595821,0.0849875808,0,0.00526522845,0.0104034767,-0.0227256119,0,1,1,0,0,0
ep_0023,18,0.106480628,-0.0444916598,0.0697727501,0,0.000149033964,-0.000432077795,-0.0152148306,0,1,1,0,0,0
ep_0023,19,0.10225822,-0.0468182303,0.063285239,1,-0.00422240794,-0.00232657045,-0.0064875111,1,1,1,1,0,0
ep_0023,20,0.101135544,-0.0480223075,0.0296026077,1,-0.00112267584,-0.00120407715,-0.0336826295,1,1,1,1,0,0
ep_0023,21,0.0891933143,-0.051043123,0.0355515331,1,-0.0119422302,-0.00302081555,0.00594892539,1,1,1,1,0,0
ep_0023,22,0.073810719,-0.0625179037,0.0489775874,1,-0.0153825954,-0.0114747807,0.0134260543,1,1,1,1,0,0
ep_0023,23,0.0480859689,-0.0750414506,0.0604664236,1,-0.02572475,-0.0125235468,0.0114888363,1,1,1,1,0,0
ep_0023,24,0.0402868614,-0.0771077052,0.0715527982,1,-0.00779910758,-0.00206625462,0.0110863745,1,1,1,1,0,0
ep_0023,25,0.0242930576,-0.0832647979,0.0769857466,1,-0.0159938037,-0.00615709275,0.00543294847,1,1,1,1,0,0
ep_0023,26,0.0112050762,-0.0969553888,0.0879001096,1,-0.0130879814,-0.0136905909,0.010914363,1,1,1,1,0,0
ep_0023,27,-0.0056969393,-0.0941228718,0.0957018286,1,-0.0169020146,0.00283251703,0.00780171901,1,1,1,1,0,0
ep_0023,28,-0.0229034219,-0.109869353,0.0948481038,1,-0.0172064826,-0.0157464817,-0.000853724778,1,1,1,1,0,0
ep_0023,29,-0.0382382646,-0.114822939,0.108341925,1,-0.0153348427,-0.00495358557,0.013493821,1,1,1,1,0,0
ep_0023,30,-0.0516138114,-0.115477398,0.117835455,1,-0.0133755468,-0.000654459,0.0094935298,1,1,1,1,0,0
ep_0023,31,-0.0723213851,-0.124576949,0.128573999,1,-0.0207075737,-0.00909955055,0.0107385442,1,1,1,1,0,0
ep_0023,32,-0.0807691142,-0.131009012,0.138249025,1,-0.00844772905,-0.00643206388,0.00967502594,1,1,1,1,0,0
ep_0023,33,-0.0987203717,-0.138725549,0.144933119,1,-0.0179512575,-0.00771653652,0.00668409467,1,1,1,1,0,1
ep_0023,34,-0.117385693,-0.147267208,0.156413779,1,-0.0186653212,-0.00854165852,0.0114806592,1,1,1,1,0,1
ep_0023,35,-0.117979661,-0.152928934,0.133165285,1,-0.000593967736,-0.005661726,-0.0232484937,1,1,1,1,0,1
ep_0023,36,-0.113755949,-0.14792867,0.1176937,1,0.00422371179,0.00500026345,-0.0154715851,1,1,1,1,0,1
ep_0023,37,-0.116524227,-0.150436774,0.0873629227,1,-0.00276827812,-0.00250810385,-0.0303307772,1,1,1,1,0,1
ep_0023,38,-0.115344852,-0.151297748,0.0713248625,1,0.00117937475,-0.000860974193,-0.0160380602,1,1,1,1,0,1
ep_0023,39,-0.115601994,-0.141902983,0.0495036095,1,-0.000257141888,0.0093947649,-0.021821253,1,1,1,1,0,1
ep_0023,40,-0.118785188,-0.150649473,0.0188545696,1,-0.0031831935,-0.00874648988,-0.0306490399,1,1,1,1,0,1
ep_0023,41,-0.114823706,-0.152284786,0.0028549619,0,0.00396148115,-0.00163531303,-0.0159996077,0,1,1,1,1,1
ep_0024,0,0.165368453,0.0105334986,0.243945241,0,0,0,0,0,1,0,0,0,0
ep_0024,1,0.142588839,0.0374039002,0.238659486,0,-0.0227796137,0.0268704016,-0.0052857548,0,1,0,0,0,0
ep_0024,2,0.113629378,0.0508579016,0.232559979,0,-0.0289594606,0.0134540014,-0.00609950721,0,1,0,0,0,0
ep_0024,3,0.0838755667,0.0623556934,0.229406178,0,-0.0297538117,0.0114977919,-0.00315380096,0,1,0,0,0,0
ep_0024,4,0.0469876267,0.0786995739,0.212877691,0,-0.03688794,0.0163438804,-0.0165284872,0,1,0,0,0,0
ep_0024,5,0.0206712428,0.0880317912,0.228269815,0,-0.0263163839,0.00933221728,0.0153921247,0,1,0,0,0,0
ep_0024,6,-0.0164957047,0.111635573,0.217008904,0,-0.0371669456,0.0236037821,-0.0112609118,0,1,0,0,0,0
ep_0024,7,-0.0436272956,0.10862834,0.211996883,0,-0.027131591,-0.00300723314,-0.00501202047,0,1,0,0,0,0
ep_0024,8,-0.0738820434,0.129282296,0.20521231,0,-0.0302547477,0.0206539556,-0.0067845732,0,1,0,0,0,0
ep_0024,9,-0.10668467,0.142272577,0.206698656,0,-0.0328026265,0.012990281,0.00148634613,0,1,0,0,0,0
ep_0024,10,-0.134934232,0.155630916,0.202928707,0,-0.0282495618,0.0133583397,-0.00376994908,0,1,0,0,0,0
ep_0024,11,-0.177825794,0.173953906,0.2002666,0,-0.042891562,0.0183229893,-0.00266210735,0,1,1,0,0,0
ep_0024,12,-0.194738239,0.179239795,0.185621962,0,-0.0169124454,0.00528588891,-0.0146446377,0,1,1,0,0,0
ep_0024,13,-0.198446229,0.184159666,0.169169486,0,-0.00370799005,0.00491987169,-0.0164524764,0,1,1,0,0,0
ep_0024,14,-0.191173211,0.18029426,0.153977439,0,0.00727301836,-0.00386540592,-0.0151920468,0,1,1,0,0,0
ep_0024,15,-0.201681599,0.180811957,0.134357378,0,-0.0105083883,0.000517696142,-0.0196200609,0,1,1,0,0,0
ep_0024,16,-0.201717034,0.187344536,0.113637514,0,-3.54349613e-05,0.00653257966,-0.0207198635,0,1,1,0,0,0
ep_0024,17,-0.195564315,0.186045706,0.0958767906,0,0.00615271926,-0.00129882991,-0.0177607238,0,1,1,0,0,0
ep_0024,18,-0.194971249,0.183111951,0.0771996379,0,0.000593066216,-0.00293375552,-0.0186771527,0,1,1,0,0,0
ep_0024,19,-0.200993389,0.18153286,0.0614097379,1,-0.00602214038,-0.00157909095,-0.0157899,1,1,1,1,0,0
ep_0024,20,-0.194111273,0.180774435,0.0406713076,1,0.0068821162,-0.000758424401,-0.0207384303,1,1,1,1,0,0
ep_0024,21,-0.182018593,0.159997851,0.0602615513,1,0.0120926797,-0.0207765847,0.0195902437,1,1,1,1,0,0
ep_0024,22,-0.156900957,0.129509419,0.0562494993,1,0.0251176357,-0.0304884315,-0.00401205197,1,1,1,1,0,0
ep_0024,23,-0.140746981,0.114763543,0.0667296574,1,0.0161539763,-0.0147458762,0.010480158,1,1,1,1,0,0
ep_0024,24,-0.11720176,0.0969078764,0.074788928,1,0.0235452205,-0.0178556666,0.00805927068,1,1,1,1,0,0
ep_0024,25,-0.0956604481,0.0677304342,0.0805395395,1,0.0215413123,-0.0291774422,0.00575061142,1,1,1,1,0,0
ep_0024,26,-0.0786240101,0.039477855,0.0898532718,1,0.017036438,-0.0282525793,0.00931373239,1,1,1,1,0,0
ep_0024,27,-0.060103517,0.00994684268,0.101793453,1,0.0185204931,-0.0295310132,0.0119401813,1,1,1,1,0,0
ep_0024,28,-0.037503209,-0.0125158541,0.110021606,1,0.0226003081,-0.0224626958,0.00822815299,1,1,1,1,0,0
ep_0024,29,-0.0243872814,-0.0322578922,0.121330246,1,0.0131159276,-0.0197420381,0.0113086402,1,1,1,1,0,0
ep_0024,30,-0.000815501204,-0.0588614419,0.124014951,1,0.02357178,-0.0266035497,0.00268470496,1,1,1,1,0,0
ep_0024,31,0.0277122837,-0.0787656829,0.141252264,1,0.0285277851,-0.019904241,0.0172373131,1,1,1,1,0,0
ep_0024,32,0.040395692,-0.101865597,0.153010264,1,0.0126834083,-0.0230999142,0.0117579997,1,1,1,1,0,0
ep_0024,33,0.063751623,-0.137123808,0.15837723,1,0.023355931,-0.0352582112,0.00536696613,1,1,1,1,0,1
ep_0024,34,0.0815454274,-0.165893897,0.163548276,1,0.0177938044,-0.0287700891,0.00517104566,1,1,1,1,0,1
ep_0024,35,0.0894062892,-0.159353673,0.146073699,1,0.00786086172,0.00654022396,-0.0174745768,1,1,1,1,0,1
ep_0024,36,0.0850977227,-0.153272077,0.122077599,1,-0.00430856645,0.00608159602,-0.0239960998,1,1,1,1,0,1
ep_0024,37,0.0849625394,-0.152394906,0.105140373,1,-0.000135183334,0.000877171755,-0.0169372261,1,1,1,1,0,1
ep_0024,38,0.0763500258,-0.152417183,0.0749491975,1,-0.00861251354,-2.2277236e-05,-0.0301911756,1,1,1,1,0,1
ep_0024,39,0.0858239979,-0.159960821,0.058187142,1,0.00947397202,-0.00754363835,-0.0167620555,1,1,1,1,0,1
ep_0024,40,0.083929114,-0.158694834,0.0392480306,1,-0.00189488381,0.00126598775,-0.0189391114,1,1,1,1,0,1
ep_0024,41,0.088467896,-0.153877899,0.0150638679,0,0.00453878194,0.00481693447,-0.0241841637,0,1,1,1,1,1
ep_0025,0,-0.100146584,-0.135526106,0.243111864,0,0,0,0,0,1,0,0,0,0
ep_0025,1,-0.103990667,-0.114665136,0.245016575,0,-0.00384408236,0.02086097,0.00190471113,0,1,0,0,0,0
ep_0025,2,-0.103883192,-0.101278722,0.237838969,0,0.000107474625,0.0133864135,-0.00717760623,0,1,0,0,0,0
ep_0025,3,-0.0982665643,-0.0801399052,0.237319186,0,0.00561662763,0.0211388171,-0.000519782305,0,1,0,0,0,0
ep_0025,4,-0.0943494067,-0.0594431125,0.230873168,0,0.00391715765,0.0206967928,-0.00644601882,0,1,0,0,0,0
ep_0025,5,-0.0964603871,-0.0496025458,0.230485201,0,-0.00211098045,0.00984056666,-0.000387966633,0,1,0,0,0,0
ep_0025,6,-0.103395395,-0.0300321095,0.230069354,0,-0.00693500787,0.0195704363,-0.000415846705,0,1,0,0,0,0
ep_0025,7,-0.0842613876,-0.0174712148,0.225888833,0,0.0191340074,0.0125608947,-0.00418052077,0,1,0,0,0,0
ep_0025,8,-0.0864915699,-0.0125932051,0.217245504,0,-0.00223018229,0.00487800967,-0.00864332914,0,1,0,0,0,0
ep_0025,9,-0.0876487419,0.0162616726,0.218967825,0,-0.00115717202,0.0288548768,0.00172232091,0,1,0,0,0,0
ep_0025,10,-0.078120634,0.0217097066,0.209285542,0,0.00952810794,0.00544803403,-0.00968228281,0,1,0,0,0,0
ep_0025,11,-0.0851998553,0.0409340709,0.20791012,0,-0.00707922131,0.0192243643,-0.00137542188,0,1,1,0,0,0
ep_0025,12,-0.0817600414,0.0594750419,0.19380942,0,0.00343981385,0.018540971,-0.0141007006,0,1,1,0,0,0
ep_0025,13,-0.0863256529,0.058986932,0.170778573,0,-0.00456561148,-0.000488109887,-0.0230308473,0,1,1,0,0,0
ep_0025,14,-0.081628263,0.0622699372,0.155305386,0,0.0046973899,0.00328300521,-0.015473187,0,1,1,0,0,0
ep_0025,15,-0.086393185,0.0544640347,0.143835321,0,-0.00476492196,-0.00780590251,-0.0114700645,0,1,1,0,0,0
ep_0025,16,-0.0805739388,0.0530599095,0.121851094,0,0.00581924617,-0.00140412524,-0.021984227,0,1,1,0,0,0
ep_0025,17,-0.0821513906,0.0601164773,0.104945824,0,-0.00157745183,0.00705656782,-0.0169052705,0,1,1,0,0,0
ep_0025,18,-0.0823486894,0.0622232221,0.0911129117,0,-0.000197298825,0.0021067448,-0.0138329118,0,1,1,0,0,0
ep_0025,19,-0.085130699,0.0634068623,0.0601676367,1,-0.00278200954,0.00118364021,-0.030945275,1,1,1,1,0,0
ep_0025,20,-0.0864093304,0.0555911474,0.0561639741,1,-0.00127863139,-0.00781571493,-0.00400366262,1,1,1,1,0,0
ep_0025,21,-0.0662416816,0.0542570204,0.0529592261,1,0.0201676488,-0.00133412704,-0.00320474803,1,1,1,1,0,0
ep_0025,22,-0.0511157885,0.0529241376,0.0653309822,1,0.0151258931,-0.00133288279,0.0123717561,1,1,1,1,0,0
ep_0025,23,-0.0149780745,0.0562840067,0.0802231207,1,0.036137715,0.00335986912,0.0148921385,1,1,1,1,0,0
ep_0025,24,-0.0031155739,0.0377311707,0.0799162611,1,0.0118625006,-0.018552836,-0.000306859612,1,1,1,1,0,0
ep_0025,25,0.0144166956,0.0439584889,0.0953022391,1,0.0175322704,0.0062273182,0.0153859779,1,1,1,1,0,0
ep_0025,26,0.0299511403,0.0370457135,0.104644045,1,0.0155344447,-0.00691277534,0.00934180617,1,1,1,1,0,0
ep_0025,27,0.0457447693,0.03734456,0.113814153,1,0.015793629,0.000298846513,0.00917010754,1,1,1,1,0,0
ep_0025,28,0.0759093985,0.0269506797,0.119832285,1,0.0301646292,-0.0103938803,0.00601813197,1,1,1,1,0,0
ep_0025,29,0.0929232165,0.0247465987,0.127435118,1,0.017013818,-0.00220408104,0.00760283321,1,1,1,1,0,0
ep_0025,30,0.106815718,0.0100841206,0.136705294,1,0.0138925016,-0.0146624781,0.00927017629,1,1,1,1,0,0
ep_0025,31,0.124262817,0.0143324248,0.156505525,1,0.0174470991,0.00424830429,0.0198002309,1,1,1,1,0,0
ep_0025,32,0.143131495,0.0122027267,0.150367692,1,0.0188686773,-0.00212969817,-0.006137833,1,1,1,1,0,0
ep_0025,33,0.168383017,0.00633739028,0.167082787,1,0.0252515227,-0.0058653364,0.0167150944,1,1,1,1,0,1
ep_0025,34,0.192406788,0.00256643584,0.168782517,1,0.0240237713,-0.00377095444,0.00169973075,1,1,1,1,0,1
ep_0025,35,0.18135792,0.00568731735,0.151169553,1,-0.0110488683,0.00312088151,-0.0176129639,1,1,1,1,0,1
ep_0025,36,0.184860811,0.00332955969,0.137919843,1,0.00350289047,-0.00235775765,-0.0132497102,1,1,1,1,0,1
ep_0025,37,0.189383924,0.00348125119,0.115745589,1,0.00452311337,0.000151691493,-0.0221742541,1,1,1,1,0,1
ep_0025,38,0.196596041,0.00318658678,0.0901285484,1,0.00721211731,-0.000294664409,-0.0256170407,1,1,1,1,0,1
ep_0025,39,0.175051183,0.00733433617,0.0651604161,1,-0.0215448588,0.00414774939,-0.0249681324,1,1,1,1,0,1
ep_0025,40,0.190332785,-0.00434952136,0.0492812246,1,0.0152816027,-0.0116838571,-0.0158791915,1,1,1,1,0,1
ep_0025,41,0.179683387,-2.74794875e-05,0.0247881282,0,-0.010649398,0.00432204176,-0.0244930964,0,1,1,1,1,1
ep_0026,0,-0.254123777,-0.0322575234,0.391605824,0,0,0,0,0,1,0,0,0,0
ep_0026,1,-0.241545722,-0.0371804833,0.381702691,0,0.0125780553,-0.00492295995,-0.00990313292,0,1,0,0,0,0
ep_0026,2,-0.22151567,-0.026015427,0.363281488,0,0.0200300515,0.0111650564,-0.0184212029,0,1,0,0,0,0
ep_0026,3,-0.205714658,-0.0286539681,0.335577488,0,0.0158010125,-0.00263854116,-0.0277040005,0,1,0,0,0,0
ep_0026,4,-0.182671979,-0.0311866757,0.32714209,0,0.0230426788,-0.00253270753,-0.00843539834,0,1,0,0,0,0
ep_0026,5,-0.166527674,-0.0230561215,0.303305358,0,0.0161443055,0.00813055411,-0.0238367319,0,1,0,0,0,0
ep_0026,6,-0.139602005,-0.0295080058,0.276953995,0,0.0269256681,-0.00645188428,-0.0263513625,0,1,0,0,0,0
ep_0026,7,-0.123885773,-0.0271225348,0.259864926,0,0.0157162324,0.00238547102,-0.0170890689,0,1,0,0,0,0
ep_0026,8,-0.112984307,-0.022263376,0.238601491,0,0.010901466,0.00485915877,-0.0212634355,0,1,0,0,0,0
ep_0026,9,-0.0907060504,-0.0147900013,0.213379547,0,0.0222782567,0.00747337472,-0.0252219439,0,1,0,0,0,0
ep_0026,10,-0.0716625378,-0.0122989332,0.201359436,0,0.0190435126,0.00249106809,-0.0120201111,0,1,0,0,0,0
ep_0026,11,-0.0427737385,-0.00673317956,0.187412933,0,0.0288887993,0.00556575367,-0.0139465034,0,1,1,0,0,0
ep_0026,12,-0.0274463966,-0.0100859944,0.171959832,0,0.0153273419,-0.00335281482,-0.0154531002,0,1,1,0,0,0
ep_0026,13,-0.0324607491,-0.00924904738,0.14599812,0,-0.0050143525,0.000836947002,-0.025961712,0,1,1,0,0,0
ep_0026,14,-0.0334759727,-0.0143571533,0.125692844,0,-0.00101522356,-0.00510810595,-0.0203052759,0,1,1,0,0,0
ep_0026,15,-0.0275181681,-0.0145313963,0.0979480743,0,0.00595780462,-0.000174243003,-0.0277447701,0,1,1,0,0,0
ep_0026,16,-0.0287853219,-0.0125993825,0.0879357904,0,-0.00126715377,0.00193201378,-0.0100122839,0,1,1,0,0,0
ep_0026,17,-0.0317725502,-0.00683185551,0.0677835941,0,-0.00298722833,0.00576752704,-0.0201521963,0,1,1,0,0,0
ep_0026,18,-0.0335185379,-0.0105866157,0.054032132,0,-0.00174598768,-0.00375476014,-0.0137514621,0,1,1,0,0,0
ep_0026,19,-0.02824145,-0.00876753312,0.0248147994,1,0.00527708791,0.00181908254,-0.0292173326,1,1,1,1,0,0
ep_0026,20,-0.0321854539,-0.0080602495,0.00645106798,1,-0.00394400395,0.000707283616,-0.018363731,1,1,1,1,0,0
ep_0026,21,-0.0278543513,0.0104082301,0.0253603067,1,0.00433110259,0.0184684806,0.0189092383,1,1,1,1,0,0
ep_0026,22,-0.0311707705,0.0144922882,0.0413649827,1,-0.0033164192,0.00408405811,0.016004676,1,1,1,1,0,0
ep_0026,23,-0.0245592017,0.0275429208,0.0486107022,1,0.00661156885,0.0130506326,0.00724571943,1,1,1,1,0,0
ep_0026,24,-0.0234975331,0.039516151,0.0524638481,1,0.00106166862,0.0119732302,0.00385314599,1,1,1,1,0,0
ep_0026,25,-0.025664825,0.046321068,0.0614414401,1,-0.00216729194,0.00680491701,0.00897759199,1,1,1,1,0,0
ep_0026,26,-0.0157126486,0.0621411875,0.0814456716,1,0.00995217636,0.0158201195,0.0200042315,1,1,1,1,0,0
ep_0026,27,-0.0207062475,0.0672612935,0.0918960422,1,-0.00499359891,0.00512010604,0.0104503706,1,1,1,1,0,0
ep_0026,28,-0.0122380517,0.0859444216,0.104397833,1,0.0084681958,0.0186831281,0.0125017911,1,1,1,1,0,0
ep_0026,29,-0.0084953811,0.096661754,0.121179827,1,0.00374267064,0.0107173324,0.0167819932,1,1,1,1,0,0
ep_0026,30,-0.00793124828,0.109623827,0.130740628,1,0.000564132817,0.0129620731,0.00956080109,1,1,1,1,0,0
ep_0026,31,-0.00854176562,0.11421296,0.141665012,1,-0.000610517338,0.00458913296,0.010924384,1,1,1,1,0,0
ep_0026,32,-0.00975889806,0.129211083,0.153458491,1,-0.00121713243,0.014998123,0.0117934793,1,1,1,1,0,0
ep_0026,33,-0.00917214528,0.148609132,0.176591545,1,0.00058675278,0.0193980485,0.0231330544,1,1,1,1,0,1
ep_0026,34,-0.00862002186,0.151257083,0.179025233,1,0.000552123412,0.00264795125,0.00243368745,1,1,1,1,0,1
ep_0026,35,-0.0125058778,0.150385782,0.1566502,1,-0.0038858559,-0.000871300697,-0.0223750323,1,1,1,1,0,1
ep_0026,36,0.00312696816,0.15137063,0.132049561,1,0.0156328455,0.000984847546,-0.0246006399,1,1,1,1,0,1
ep_0026,37,-0.00405234285,0.154695779,0.106535815,1,-0.00717931101,0.00332514942,-0.0255137458,1,1,1,1,0,1
ep_0026,38,-0.0114928018,0.160746753,0.0877532512,1,-0.00744045898,0.00605097413,-0.0187825635,1,1,1,1,0,1
ep_0026,39,-0.00886740163,0.156120494,0.0731003135,1,0.0026254002,-0.00462625921,-0.0146529377,1,1,1,1,0,1
ep_0026,40,-0.0111516323,0.159442067,0.0502087846,1,-0.00228423066,0.00332157314,-0.0228915289,1,1,1,1,0,1
ep_0026,41,-0.00148379477,0.159865871,0.0231003817,0,0.00966783799,0.000423803926,-0.0271084029,0,1,1,1,1,1
ep_0027,0,0.291506916,-0.284260303,0.229273289,0,0,0,0,0,1,0,0,0,0
ep_0027,1,0.272806287,-0.249662325,0.224443942,0,-0.0187006295,0.034597978,-0.00482934713,0,1,0,0,0,0
ep_0027,2,0.247903809,-0.232063338,0.223654747,0,-0.0249024779,0.0175989866,-0.000789195299,0,1,0,0,0,0
ep_0027,3,0.224353537,-0.207032651,0.222068653,0,-0.023550272,0.0250306875,-0.0015860945,0,1,0,0,0,0
ep_0027,4,0.208972633,-0.17639561,0.215514854,0,-0.0153809041,0.0306370407,-0.00655379891,0,1,0,0,0,0
ep_0027,5,0.176864952,-0.156648427,0.210718319,0,-0.032107681,0.0197471827,-0.00479653478,0,1,0,0,0,0
ep_0027,6,0.155683383,-0.125250727,0.206871256,0,-0.0211815685,0.0313977003,-0.00384706259,0,1,0,0,0,0
ep_0027,7,0.135943592,-0.100247376,0.204044297,0,-0.0197397918,0.0250033513,-0.00282695889,0,1,0,0,0,0
ep_0027,8,0.115235128,-0.0808252394,0.206777483,0,-0.0207084641,0.0194221362,0.00273318589,0,1,0,0,0,0
ep_0027,9,0.0918239653,-0.0522628017,0.202740148,0,-0.0234111622,0.0285624377,-0.00403733552,0,1,0,0,0,0
ep_0027,10,0.0725508779,-0.0330788568,0.197868988,0,-0.0192730874,0.0191839449,-0.00487115979,0,1,0,0,0,0
ep_0027,11,0.0484311283,-0.00353404973,0.194350198,0,-0.0241197497,0.029544808,-0.00351879001,0,1,1,0,0,0
ep_0027,12,0.0311115254,0.0223119278,0.191983357,0,-0.0173196029,0.0258459784,-0.00236684084,0,1,1,0,0,0
ep_0027,13,0.0309274606,0.0285239723,0.16985549,0,-0.000184064731,0.00621204451,-0.0221278667,0,1,1,0,0,0
ep_0027,14,0.0312609747,0.019051984,0.150616974,0,0.000333514065,-0.00947198831,-0.0192385167,0,1,1,0,0,0
ep_0027,15,0.0230909884,0.0169364642,0.13670662,0,-0.00816998631,-0.00211551972,-0.0139103532,0,1,1,0,0,0
ep_0027,16,0.0261189621,0.0274222717,0.110733978,0,0.0030279737,0.0104858074,-0.025972642,0,1,1,0,0,0
ep_0027,17,0.0313587002,0.0205228291,0.0914770812,0,0.00523973815,-0.00689944252,-0.0192568973,0,1,1,0,0,0
ep_0027,18,0.0235159751,0.0254435726,0.0779408514,0,-0.00784272514,0.00492074341,-0.0135362297,0,1,1,0,0,0
ep_0027,19,0.0216625817,0.0196469575,0.0553814322,1,-0.00185339339,-0.00579661503,-0.0225594193,1,1,1,1,0,0
ep_0027,20,0.0336200744,0.0194882564,0.0397668071,1,0.0119574927,-0.000158701092,-0.0156146251,1,1,1,1,0,0
ep_0027,21,0.0195045825,0.0416797474,0.0530392379,1,-0.0141154919,0.022191491,0.0132724307,1,1,1,1,0,0
ep_0027,22,-0.00018909201,0.0448723659,0.0608348735,1,-0.0196936745,0.00319261849,0.00779563561,1,1,1,1,0,0
ep_0027,23,-0.0150950244,0.0604883693,0.0705097765,1,-0.0149059324,0.0156160034,0.00967490301,1,1,1,1,0,0
ep_0027,24,-0.0351507403,0.0746730343,0.0761665776,1,-0.020055715,0.0141846649,0.00565680116,1,1,1,1,0,0
ep_0027,25,-0.0495528579,0.0878876224,0.0922112241,1,-0.0144021176,0.0132145882,0.0160446465,1,1,1,1,0,0
ep_0027,26,-0.0687000751,0.0922810659,0.0909376442,1,-0.0191472173,0.00439344347,-0.0012735799,1,1,1,1,0,0
ep_0027,27,-0.0768116862,0.102349974,0.111048654,1,-0.00811161101,0.0100689083,0.0201110095,1,1,1,1,0,0
ep_0027,28,-0.0946586356,0.116631307,0.119850941,1,-0.0178469494,0.0142813325,0.00880228728,1,1,1,1,0,0
ep_0027,29,-0.114643708,0.130332366,0.137220517,1,-0.0199850723,0.0137010589,0.0173695758,1,1,1,1,0,0
ep_0027,30,-0.120473042,0.148792207,0.139972508,1,-0.00582933426,0.0184598416,0.00275199115,1,1,1,1,0,0
ep_0027,31,-0.141541541,0.153926685,0.153636694,1,-0.0210684985,0.00513447821,0.013664186,1,1,1,1,0,0
ep_0027,32,-0.15607208,0.16489251,0.162651211,1,-0.0145305395,0.0109658241,0.00901451707,1,1,1,1,0,0
ep_0027,33,-0.173201069,0.178119898,0.180179775,1,-0.0171289891,0.0132273883,0.0175285637,1,1,1,1,0,1
ep_0027,34,-0.186487719,0.183893293,0.19097729,1,-0.0132866502,0.0057733953,0.0107975155,1,1,1,1,0,1
ep_0027,35,-0.174989805,0.198179021,0.16334711,1,0.0114979148,0.0142857283,-0.0276301801,1,1,1,1,0,1
ep_0027,36,-0.18859151,0.192044854,0.141236514,1,-0.0136017054,-0.00613416731,-0.0221105963,1,1,1,1,0,1
ep_0027,37,-0.180395216,0.18100135,0.120728746,1,0.00819629431,-0.0110435039,-0.0205077678,1,1,1,1,0,1
ep_0027,38,-0.184713095,0.192869037,0.104077481,1,-0.00431787968,0.0118676871,-0.0166512653,1,1,1,1,0,1
ep_0027,39,-0.189299002,0.182951987,0.0850199461,1,-0.00458590686,-0.0099170506,-0.0190575346,1,1,1,1,0,1
ep_0027,40,-0.184879676,0.18615976,0.0603403933,1,0.00441932678,0.00320777297,-0.0246795528,1,1,1,1,0,1
ep_0027,41,-0.188017055,0.184697017,0.0371165164,0,-0.00313737988,-0.00146274269,-0.023223877,0,1,1,1,1,1
ep_0028,0,0.258594394,-0.286186814,0.358001858,0,0,0,0,0,1,0,0,0,0
ep_0028,1,0.240084842,-0.250419766,0.353160143,0,-0.0185095519,0.0357670486,-0.0048417151,0,1,0,0,0,0
ep_0028,2,0.229871869,-0.20887205,0.326289684,0,-0.0102129728,0.0415477157,-0.0268704593,0,1,0,0,0,0
ep_0028,3,0.219339773,-0.16247718,0.314066738,0,-0.010532096,0.0463948697,-0.0122229457,0,1,0,0,0,0
ep_0028,4,0.195318431,-0.127970368,0.302576751,0,-0.0240213424,0.0345068127,-0.0114899874,0,1,0,0,0,0
ep_0028,5,0.182985842,-0.0779812783,0.279283941,0,-0.0123325884,0.0499890894,-0.0232928097,0,1,0,0,0,0
ep_0028,6,0.184799477,-0.0498309433,0.268654346,0,0.00181363523,0.028150335,-0.0106295943,0,1,0,0,0,0
ep_0028,7,0.159680873,-0.00812745374,0.247800097,0,-0.0251186043,0.0417034887,-0.0208542496,0,1,0,0,0,0
ep_0028,8,0.147648036,0.034800794,0.234075502,0,-0.0120328367,0.0429282486,-0.0137245953,0,1,0,0,0,0
ep_0028,9,0.139697686,0.0715727583,0.219383702,0,-0.00795035064,0.0367719643,-0.0146917999,0,1,0,0,0,0
ep_0028,10,0.125963077,0.114439726,0.206338391,0,-0.0137346089,0.0428669676,-0.013045311,0,1,0,0,0,0
ep_0028,11,0.113602996,0.152075484,0.190803468,0,-0.0123600811,0.0376357585,-0.0155349225,0,1,1,0,0,0
ep_0028,12,0.0966456831,0.190676272,0.171175614,0,-0.0169573128,0.0386007875,-0.0196278542,0,1,1,0,0,0
ep_0028,13,0.100025669,0.183759645,0.147662669,0,0.00337998569,-0.00691662729,-0.0235129446,0,1,1,0,0,0
ep_0028,14,0.102157965,0.19359313,0.132385954,0,0.00213229656,0.00983348489,-0.0152767152,0,1,1,0,0,0
ep_0028,15,0.0994644389,0.188545197,0.116703808,0,-0.00269352645,-0.00504793227,-0.015682146,0,1,1,0,0,0
ep_0028,16,0.104554474,0.187949017,0.0905344859,0,0.0050900355,-0.000596180558,-0.0261693224,0,1,1,0,0,0
ep_0028,17,0.100023441,0.194269776,0.0735944733,0,-0.00453103334,0.00632075965,-0.0169400126,0,1,1,0,0,0
ep_0028,18,0.100420743,0.197397634,0.053935118,0,0.00039730221,0.00312785804,-0.0196593553,0,1,1,0,0,0
ep_0028,19,0.102932677,0.188387573,0.0419773646,1,0.00251193345,-0.00901006162,-0.0119577534,1,1,1,1,0,0
ep_0028,20,0.107530445,0.201743066,0.0207652431,1,0.00459776819,0.0133554935,-0.0212121215,1,1,1,1,0,0
ep_0028,21,0.109536618,0.178470299,0.0311898552,1,0.00200617313,-0.0232727677,0.0104246121,1,1,1,1,0,0
ep_0028,22,0.112832822,0.161252096,0.03872931,1,0.00329620391,-0.0172182024,0.00753945485,1,1,1,1,0,0
ep_0028,23,0.108686902,0.145863965,0.0507199168,1,-0.00414592028,-0.0153881311,0.0119906068,1,1,1,1,0,0
ep_0028,24,0.113915712,0.126063943,0.0667581931,1,0.00522881001,-0.0198000222,0.0160382763,1,1,1,1,0,0
ep_0028,25,0.131191313,0.105577432,0.0784197301,1,0.0172756016,-0.0204865113,0.011661537,1,1,1,1,0,0
ep_0028,26,0.130192146,0.0858758688,0.0866715163,1,-0.000999167562,-0.0197015628,0.00825178623,1,1,1,1,0,0
ep_0028,27,0.134317622,0.0645678341,0.0953094438,1,0.00412547588,-0.0213080347,0.00863792747,1,1,1,1,0,0
ep_0028,28,0.137047797,0.0530908443,0.10617952,1,0.00273017585,-0.0114769898,0.0108700767,1,1,1,1,0,0
ep_0028,29,0.139697209,0.0378682911,0.11341998,1,0.00264941156,-0.0152225532,0.00724045932,1,1,1,1,0,0
ep_0028,30,0.148176789,0.0164076108,0.129820004,1,0.00847958028,-0.0214606803,0.0164000243,1,1,1,1,0,0
ep_0028,31,0.156806469,-0.00135873875,0.139539301,1,0.00862967968,-0.017766349,0.00971929729,1,1,1,1,0,0
ep_0028,32,0.159340471,-0.0165309682,0.145476505,1,0.00253400207,-0.0151722291,0.00593720376,1,1,1,1,0,0
ep_0028,33,0.162477389,-0.0404536612,0.15709585,1,0.00313691795,-0.023922693,0.0116193444,1,1,1,1,0,1
ep_0028,34,0.168902561,-0.0464336686,0.163287446,1,0.00642517209,-0.00598000735,0.00619159639,1,1,1,1,0,1
ep_0028,35,0.171468973,-0.0517783836,0.148966163,1,0.00256641209,-0.00534471497,-0.0143212825,1,1,1,1,0,1
ep_0028,36,0.182408303,-0.0522632524,0.122354321,1,0.0109393299,-0.000484868884,-0.0266118422,1,1,1,1,0,1
ep_0028,37,0.170818612,-0.0483270958,0.104709923,1,-0.011589691,0.00393615663,-0.0176443979,1,1,1,1,0,1
ep_0028,38,0.173193619,-0.0609641597,0.0815503746,1,0.00237500668,-0.0126370639,-0.0231595486,1,1,1,1,0,1
ep_0028,39,0.168269411,-0.0539949574,0.0555286705,1,-0.00492420793,0.00696920231,-0.0260217041,1,1,1,1,0,1
ep_0028,40,0.176650614,-0.0507435612,0.0351669565,1,0.00838120282,0.00325139612,-0.0203617141,1,1,1,1,0,1
ep_0028,41,0.170988441,-0.0591174029,0.0140425116,0,-0.00566217303,-0.00837384164,-0.0211244449,0,1,1,1,1,1
ep_0029,0,0.260412097,0.198235601,0.364152968,0,0,0,0,0,1,0,0,0,0
ep_0029,1,0.250668406,0.188614473,0.352889746,0,-0.00974369049,-0.00962112844,-0.0112632215,0,1,0,0,0,0
ep_0029,2,0.231638148,0.17327705,0.327404469,0,-0.0190302581,-0.0153374225,-0.0254852772,0,1,0,0,0,0
ep_0029,3,0.221733943,0.15682593,0.315006912,0,-0.0099042058,-0.0164511204,-0.0123975575,0,1,0,0,0,0
ep_0029,4,0.218768522,0.154490203,0.305956453,0,-0.00296542048,-0.00233572721,-0.00905045867,0,1,0,0,0,0
ep_0029,5,0.203308225,0.147469491,0.273361206,0,-0.0154602975,-0.0070207119,-0.032595247,0,1,0,0,0,0
ep_0029,6,0.194567218,0.133689776,0.263197541,0,-0.00874100626,-0.0137797147,-0.0101636648,0,1,0,0,0,0
ep_0029,7,0.182075173,0.126092911,0.238717884,0,-0.0124920458,-0.0075968653,-0.0244796574,0,1,0,0,0,0
ep_0029,8,0.173364237,0.111483768,0.221423313,0,-0.00871093571,-0.0146091431,-0.0172945708,0,1,0,0,0,0
ep_0029,9,0.15097031,0.112417229,0.206821099,0,-0.022393927,0.000933460891,-0.0146022141,0,1,0,0,0,0
ep_0029,10,0.153205127,0.0932007357,0.193939105,0,0.00223481655,-0.0192164928,-0.0128819942,0,1,0,0,0,0
ep_0029,11,0.147744015,0.0888884664,0.16915834,0,-0.00546111166,-0.00431226939,-0.0247807652,0,1,1,0,0,0
ep_0029,12,0.134042323,0.068556875,0.160031289,0,-0.0137016922,-0.0203315914,-0.00912705064,0,1,1,0,0,0
ep_0029,13,0.129537523,0.0748871416,0.132840142,0,-0.00450479984,0.00633026659,-0.0271911472,0,1,1,0,0,0
ep_0029,14,0.133076116,0.0732510984,0.117680892,0,0.00353859365,-0.00163604319,-0.0151592493,0,1,1,0,0,0
ep_0029,15,0.13639237,0.0719546378,0.0927512273,0,0.00331625342,-0.00129646063,-0.024929665,0,1,1,0,0,0
ep_0029,16,0.128436357,0.0753416419,0.0728661269,0,-0.00795601308,0.00338700414,-0.0198851004,0,1,1,0,0,0
ep_0029,17,0.134066001,0.0725549459,0.0545819215,0,0.0056296438,-0.00278669596,-0.0182842053,0,1,1,0,0,0
ep_0029,18,0.138898388,0.0745457187,0.0460280776,0,0.00483238697,0.00199077278,-0.00855384395,0,1,1,0,0,0
ep_0029,19,0.129147485,0.0667778924,0.0229412094,1,-0.00975090265,-0.00776782632,-0.0230868682,1,1,1,1,0,0
ep_0029,20,0.133439362,0.0807273388,-0.00586083299,1,0.00429187715,0.0139494464,-0.0288020428,1,1,1,1,0,0
ep_0029,21,0.128599465,0.0653231815,0.00909193326,1,-0.00483989716,-0.0154041573,0.0149527658,1,1,1,1,0,0
ep_0029,22,0.13231197,0.0650426298,0.023943292,1,0.0037125051,-0.000280551612,0.0148513587,1,1,1,1,0,0
ep_0029,23,0.122353025,0.0512721837,0.0280399062,1,-0.00995894521,-0.0137704462,0.0040966142,1,1,1,1,0,0
ep_0029,24,0.125502139,0.0408679582,0.0457600057,1,0.00314911455,-0.0104042254,0.0177200995,1,1,1,1,0,0
ep_0029,25,0.121024042,0.0448592231,0.0579436868,1,-0.00447809696,0.00399126485,0.0121836811,1,1,1,1,0,0
ep_0029,26,0.120120049,0.0261554159,0.0767658949,1,-0.000903993845,-0.0187038071,0.018822208,1,1,1,1,0,0
ep_0029,27,0.119126588,0.0255941711,0.0889956877,1,-0.000993460417,-0.000561244786,0.0122297928,1,1,1,1,0,0
ep_0029,28,0.116327196,0.0119898301,0.105000705,1,-0.00279939175,-0.0136043411,0.0160050169,1,1,1,1,0,0
ep_0029,29,0.113481119,0.00831143372,0.10664954,1,-0.00284607708,-0.00367839634,0.00164883584,1,1,1,1,0,0
ep_0029,30,0.111451231,0.00145042199,0.124539442,1,-0.00202988833,-0.0068610115,0.017889902,1,1,1,1,0,0
ep_0029,31,0.117375545,-0.00644350983,0.133327693,1,0.00592431426,-0.00789393205,0.00878825039,1,1,1,1,0,0
ep_0029,32,0.114283323,-0.0183218271,0.146053746,1,-0.00309222192,-0.0118783172,0.0127260536,1,1,1,1,0,0
ep_0029,33,0.110324472,-0.018423304,0.162359178,1,-0.0039588511,-0.000101476908,0.0163054317,1,1,1,1,0,1
ep_0029,34,0.10951674,-0.0316111743,0.17309849,1,-0.000807732344,-0.0131878704,0.0107393116,1,1,1,1,0,1
ep_0029,35,0.104946911,-0.0299813077,0.15102604,1,-0.00456982851,0.00162986666,-0.0220724493,1,1,1,1,0,1
ep_0029,36,0.10544569,-0.0313063636,0.123686999,1,0.000498779118,-0.00132505596,-0.0273390412,1,1,1,1,0,1
ep_0029,37,0.111052379,-0.0384161696,0.105131358,1,0.00560668856,-0.00710980594,-0.0185556412,1,1,1,1,0,1
ep_0029,38,0.110088766,-0.0291741956,0.0801792368,1,-0.000963613391,0.00924197398,-0.0249521211,1,1,1,1,0,1
ep_0029,39,0.111050725,-0.0341869965,0.068008624,1,0.000961959362,-0.00501280092,-0.0121706128,1,1,1,1,0,1
ep_0029,40,0.103453845,-0.0360278822,0.0387391225,1,-0.0075968802,-0.00184088573,-0.0292695016,1,1,1,1,0,1
ep_0029,41,0.106238268,-0.0277079791,0.0233815908,0,0.00278442353,0.00831990317,-0.0153575316,0,1,1,1,1,1
